Player,StatheadTeam,BBRefID,MLBAMID,MatchStatus,CandidateIDs,CandidateNamesTeams,RazzballName,RazzballTeam,RazzballPosition,RazzballYahooPosition,RazzballID,FanGraphsID,Source
Pete Crow-Armstrong,CHC,crowape01,691718,matched_latest,691718,Pete Crow-Armstrong (CHC) [latest],,,,,,,
Kyle Schwarber,PHI,schwaky01,656941,matched_latest,656941,Kyle Schwarber (PHI) [latest],,,,,,,
Pete Alonso,BAL,alonspe01,624413,matched_latest,624413,Pete Alonso (BAL) [latest],,,,,,,
Yordan Alvarez,HOU,alvaryo01,670541,matched_latest,670541,Yordan Alvarez (HOU) [latest],,,,,,,
Junior Caminero,TBR,caminju01,691406,matched_latest,691406,Junior Caminero (TB) [latest],,,,,,,
Matt Olson,ATL,olsonma02,621566,matched_latest,621566,Matt Olson (ATL) [latest],,,,,,,
Ben Rice,NYY,ricebe01,700250,matched_latest,700250,Ben Rice (NYY) [latest],,,,,,,
Hunter Goodman,COL,goodmhu01,696100,matched_latest,696100,Hunter Goodman (COL) [latest],,,,,,,
Rafael Devers,SFG,deverra01,646240,matched_latest,646240,Rafael Devers (SF) [latest],,,,,,,
Brandon Lowe,PIT,lowebr01,664040,matched_latest,664040,Brandon Lowe (PIT) [latest],,,,,,,
CJ Abrams,WSN,abramcj01,682928,matched_latest,682928,CJ Abrams (WSH) [latest],,,,,,,
Munetaka Murakami,CHW,murakmu01,808959,matched_latest,808959,Munetaka Murakami (CHW) [latest],,,,,,,
Kazuma Okamoto,TOR,okamoka01,672960,matched_latest,672960,Kazuma Okamoto (TOR) [latest],,,,,,,
Miguel Vargas,CHW,vargami01,678246,matched_latest,678246,Miguel Vargas (CHW) [latest],,,,,,,
Sal Stewart,CIN,stewasa02,701398,matched_latest,701398,Sal Stewart (CIN) [latest],,,,,,,
Colson Montgomery,CHW,montgco01,695657,matched_latest,695657,Colson Montgomery (CHW) [latest],,,,,,,
Elly De La Cruz,CIN,delacel01,682829,matched_latest,682829,Elly De La Cruz (CIN) [latest],,,,,,,
Luis García Jr.,NYYWSN,garcilu04,,ambiguous_review,671277;677651,Luis Garcia Jr. (NYY) [latest]; Luis Garcia (NYY) [latest],,,,,,,
Shohei Ohtani,LAD,ohtansh01,660271,matched_latest,660271,Shohei Ohtani (LAD) [latest],,,,,,,
James Wood,WSN,woodja03,695578,matched_latest,695578,James Wood (WSH) [latest],,,,,,,
Nolan Arenado,ARI,arenano01,571448,matched_latest,571448,Nolan Arenado (ARI) [latest],,,,,,,
Manny Machado,SDP,machama01,592518,matched_latest,592518,Manny Machado (SD) [latest],,,,,,,
Max Muncy,LAD,muncyma01,571970,manually_confirmed_user,571970,Max Muncy (LAD) [user-provided],,,,,,,
Bryce Harper,PHI,harpebr03,547180,matched_latest,547180,Bryce Harper (PHI) [latest],,,,,,,
Jordan Walker,STL,walkejo02,691023,matched_latest,691023,Jordan Walker (STL) [latest],,,,,,,
Jake Burger,TEX,burgeja01,669394,matched_latest,669394,Jake Burger (TEX) [latest],,,,,,,
Willson Contreras,BOS,contrwi01,575929,matched_latest,575929,Willson Contreras (BOS) [latest],,,,,,,
Dillon Dingler,DET,dingldi01,693307,matched_latest,693307,Dillon Dingler (DET) [latest],,,,,,,
Juan Soto,NYM,sotoju01,665742,matched_latest,665742,Juan Soto (NYM) [latest],,,,,,,
Christian Walker,HOU,walkech02,572233,matched_latest,572233,Christian Walker (HOU) [latest],,,,,,,
Randy Arozarena,SEA,arozara01,668227,matched_latest,668227,Randy Arozarena (SEA) [latest],,,,,,,
Jake Bauers,MIL,bauerja01,641343,matched_latest,641343,Jake Bauers (MIL) [latest],,,,,,,
Alex Bregman,CHC,bregmal01,608324,matched_latest,608324,Alex Bregman (CHC) [latest],,,,,,,
Kody Clemens,MIN,clemeko01,665019,matched_latest,665019,Kody Clemens (MIN) [latest],,,,,,,
Michael Harris II,ATL,harrimi04,671739,matched_latest,671739,Michael Harris II (ATL) [latest],,,,,,,
Jackson Merrill,SDP,merrija01,701538,matched_latest,701538,Jackson Merrill (SD) [latest],,,,,,,
Zach Neto,LAA,netoza01,687263,matched_latest,687263,Zach Neto (LAA) [latest],,,,,,,
Joc Pederson,TEX,pederjo01,592626,matched_latest,592626,Joc Pederson (TEX) [latest],,,,,,,
Seiya Suzuki,CHC,suzukse01,673548,matched_latest,673548,Seiya Suzuki (CHC) [latest],,,,,,,
Byron Buxton,MIN,buxtoby01,621439,matched_latest,621439,Byron Buxton (MIN) [latest],,,,,,,
Jackson Chourio,MIL,chourja01,694192,matched_latest,694192,Jackson Chourio (MIL) [latest],,,,,,,
Carter Jensen,KCR,jenseca01,695600,matched_latest,695600,Carter Jensen (KC) [latest],,,,,,,
Eugenio Suárez,CIN,suareeu01,553993,matched_latest,553993,Eugenio Suarez (CIN) [latest],,,,,,,
Fernando Tatis Jr.,SDP,tatisfe02,665487,matched_latest,665487,Fernando Tatis Jr. (SD) [latest],,,,,,,
Spencer Torkelson,DET,torkesp01,679529,matched_latest,679529,Spencer Torkelson (DET) [latest],,,,,,,
Wilyer Abreu,BOS,abreuwi02,677800,matched_latest,677800,Wilyer Abreu (BOS) [latest],,,,,,,
Drake Baldwin,ATL,baldwdr01,686948,matched_latest,686948,Drake Baldwin (ATL) [latest],,,,,,,
Alec Burleson,STL,burleal01,676475,matched_latest,676475,Alec Burleson (STL) [latest],,,,,,,
Ian Happ,CHC,happia01,664023,matched_latest,664023,Ian Happ (CHC) [latest],,,,,,,
Gunnar Henderson,BAL,hendegu01,683002,matched_latest,683002,Gunnar Henderson (BAL) [latest],,,,,,,
Heriberto Hernández,MIA,hernahe01,681715,matched_latest,681715,Heriberto Hernandez (MIA) [latest],,,,,,,
Brooks Lee,MIN,leebr02,686797,matched_latest,686797,Brooks Lee (MIN) [latest],,,,,,,
Coby Mayo,BAL,mayoco01,691723,matched_latest,691723,Coby Mayo (BAL) [latest],,,,,,,
Isaac Paredes,HOU,paredis01,670623,matched_latest,670623,Isaac Paredes (HOU) [latest],,,,,,,
JJ Bleday,CIN,bledajj01,668709,matched_latest,668709,JJ Bleday (CIN) [latest],,,,,,,
Jac Caglianone,KCR,caglija01,695506,matched_latest,695506,Jac Caglianone (KC) [latest],,,,,,,
Shea Langeliers,ATH,langesh01,669127,matched_latest,669127,Shea Langeliers (ATH) [latest],,,,,,,
Mickey Moniak,COL,moniami01,666160,matched_latest,666160,Mickey Moniak (COL) [latest],,,,,,,
Cal Raleigh,SEA,raleica01,663728,matched_latest,663728,Cal Raleigh (SEA) [latest],,,,,,,
Jo Adell,CLELAA,adelljo01,666176,matched_latest,666176,Jo Adell (CLE) [latest],,,,,,,
Ozzie Albies,ATL,albieoz01,645277,matched_latest,645277,Ozzie Albies (ATL) [latest],,,,,,,
Jonathan Aranda,TBR,arandjo01,666018,matched_latest,666018,Jonathan Aranda (TB) [latest],,,,,,,
Mookie Betts,LAD,bettsmo01,605141,matched_latest,605141,Mookie Betts (LAD) [latest],,,,,,,
Dominic Canzone,SEA,canzodo01,686527,matched_latest,686527,Dominic Canzone (SEA) [latest],,,,,,,
Corbin Carroll,ARI,carroco02,682998,matched_latest,682998,Corbin Carroll (ARI) [latest],,,,,,,
Yandy Díaz,TBR,diazya01,650490,matched_latest,650490,Yandy Diaz (TB) [latest],,,,,,,
Zack Gelof,ATH,gelofza01,680869,matched_latest,680869,Zack Gelof (ATH) [latest],,,,,,,
Daylen Lile,WSN,lileda01,695734,matched_latest,695734,Daylen Lile (WSH) [latest],,,,,,,
Ketel Marte,ARI,marteke01,606466,matched_latest,606466,Ketel Marte (ARI) [latest],,,,,,,
Julio Rodríguez,SEA,rodriju01,677594,matched_latest,677594,Julio Rodriguez (SEA) [latest],,,,,,,
Mike Trout,LAA,troutmi01,545361,matched_latest,545361,Mike Trout (LAA) [latest],,,,,,,
Willy Adames,SFG,adamewi01,642715,matched_latest,642715,Willy Adames (SF) [latest],,,,,,,
Ty France,SDP,francty01,664034,matched_latest,664034,Ty France (SD) [latest],,,,,,,
Riley Greene,DET,greenri03,682985,matched_latest,682985,Riley Greene (DET) [latest],,,,,,,
Nick Kurtz,ATH,kurtzni01,701762,matched_latest,701762,Nick Kurtz (ATH) [latest],,,,,,,
Andy Pages,LAD,pagesan01,681624,matched_latest,681624,Andy Pages (LAD) [latest],,,,,,,
Casey Schmitt,SFG,schmica01,669477,matched_latest,669477,Casey Schmitt (SF) [latest],,,,,,,
Kyle Stowers,MIA,stoweky01,669065,matched_latest,669065,Kyle Stowers (MIA) [latest],,,,,,,
Ronald Acuña Jr.,ATL,acunaro01,660670,matched_latest,660670,Ronald Acuna Jr. (ATL) [latest],,,,,,,
Josh Bell,MIN,belljo02,605137,matched_latest,605137,Josh Bell (MIN) [latest],,,,,,,
Michael Busch,CHC,buschmi02,683737,matched_latest,683737,Michael Busch (CHC) [latest],,,,,,,
Oneil Cruz,PIT,cruzon01,665833,matched_latest,665833,Oneil Cruz (PIT) [latest],,,,,,,
Jarren Duran,BOS,duranja01,680776,matched_latest,680776,Jarren Duran (BOS) [latest],,,,,,,
Francisco Lindor,NYM,lindofr01,596019,matched_latest,596019,Francisco Lindor (NYM) [latest],,,,,,,
Jeremy Peña,HOU,penaje02,665161,matched_latest,665161,Jeremy Pena (HOU) [latest],,,,,,,
Salvador Perez,KCR,perezsa02,521692,matched_latest,521692,Salvador Perez (KC) [latest],,,,,,,
Cam Smith,HOU,smithca07,701358,matched_latest,701358,Cam Smith (HOU) [latest],,,,,,,
Brice Turang,MIL,turanbr02,668930,matched_latest,668930,Brice Turang (MIL) [latest],,,,,,,
Carson Benge,NYM,bengeca01,701807,matched_latest,701807,Carson Benge (NYM) [latest],,,,,,,
Jazz Chisholm Jr.,NYY,chishja01,665862,matched_latest,665862,Jazz Chisholm Jr. (NYY) [latest],,,,,,,
Austin Riley,ATL,rileyau01,663586,matched_latest,663586,Austin Riley (ATL) [latest],,,,,,,
Corey Seager,TEX,seageco01,608369,matched_latest,608369,Corey Seager (TEX) [latest],,,,,,,
Tyler Soderstrom,ATH,soderty01,691016,matched_latest,691016,Tyler Soderstrom (ATH) [latest],,,,,,,
Dansby Swanson,CHC,swansda01,621020,matched_latest,621020,Dansby Swanson (CHC) [latest],,,,,,,
Trea Turner,PHI,turnetr01,607208,matched_latest,607208,Trea Turner (PHI) [latest],,,,,,,
Samuel Basallo,BAL,basalsa01,694212,matched_latest,694212,Samuel Basallo (BAL) [latest],,,,,,,
Trent Grisham,NYY,grishtr01,663757,matched_latest,663757,Trent Grisham (NYY) [latest],,,,,,,
William Contreras,MIL,contrwi02,661388,matched_latest,661388,William Contreras (MIL) [latest],,,,,,,
Paul Goldschmidt,NYY,goldspa01,502671,matched_latest,502671,Paul Goldschmidt (NYY) [latest],,,,,,,
Iván Herrera,STL,herreiv01,671056,matched_latest,671056,Ivan Herrera (STL) [latest],,,,,,,
Liam Hicks,MIATBR,hicksli01,689414,matched_latest,689414,Liam Hicks (TB) [latest],,,,,,,
Aaron Judge,NYY,judgeaa01,592450,matched_latest,592450,Aaron Judge (NYY) [latest],,,,,,,
Brandon Marsh,PHI,marshbr02,669016,matched_latest,669016,Brandon Marsh (PHI) [latest],,,,,,,
Angel Martínez,CLE,martian02,682657,matched_latest,682657,Angel Martinez (CLE) [latest],,,,,,,
Ryan O'Hearn,PIT,ohearry01,656811,matched_latest,656811,Ryan O’Hearn (PIT) [latest],,,,,,,
Bobby Witt Jr.,KCR,wittbo02,677951,matched_latest,677951,Bobby Witt Jr. (KC) [latest],,,,,,,
Cody Bellinger,NYY,bellico01,641355,matched_latest,641355,Cody Bellinger (NYY) [latest],,,,,,,
Bo Bichette,NYM,bichebo01,666182,matched_latest,666182,Bo Bichette (NYM) [latest],,,,,,,
Lawrence Butler,ATH,butlela01,671732,matched_latest,671732,Lawrence Butler (ATH) [latest],,,,,,,
Griffin Conine,MIA,coningr01,665052,matched_latest,665052,Griffin Conine (MIA) [latest],,,,,,,
Ezequiel Durán,TEX,duranez01,677649,matched_latest,677649,Ezequiel Duran (TEX) [latest],,,,,,,
Bryce Eldridge,SFG,eldribr01,805811,matched_latest,805811,Bryce Eldridge (SF) [latest],,,,,,,
Wyatt Langford,TEX,langfwy01,694671,matched_latest,694671,Wyatt Langford (TEX) [latest],,,,,,,
Nathaniel Lowe,CINCLE,lowena01,663993,matched_latest,663993,Nathaniel Lowe (CLE) [latest],,,,,,,
Kevin McGonigle,DET,mcgonke01,805808,matched_latest,805808,Kevin McGonigle (DET) [latest],,,,,,,
Curtis Mead,BOSWSN,meadcu01,678554,matched_latest,678554,Curtis Mead (BOS) [latest],,,,,,,
Bryan Reynolds,PIT,reynobr01,668804,matched_latest,668804,Bryan Reynolds (PIT) [latest],,,,,,,
Kyle Tucker,LAD,tuckeky01,663656,matched_latest,663656,Kyle Tucker (LAD) [latest],,,,,,,
Esmerlyn Valdéz,PIT,valdees01,699013,matched_latest,699013,Esmerlyn Valdez (PIT) [latest],,,,,,,
JJ Wetherholt,STL,wethejj01,802139,matched_latest,802139,JJ Wetherholt (STL) [latest],,,,,,,
Cole Young,SEA,youngco01,702284,matched_latest,702284,Cole Young (SEA) [latest],,,,,,,
Jose Altuve,HOU,altuvjo01,514888,matched_latest,514888,Jose Altuve (HOU) [latest],,,,,,,
Francisco Alvarez,NYM,alvarfr01,682626,matched_latest,682626,Francisco Alvarez (NYM) [latest],,,,,,,
Freddie Freeman,LAD,freemfr01,518692,matched_latest,518692,Freddie Freeman (LAD) [latest],,,,,,,
Chase Meidroth,CHW,meidrch01,805367,matched_latest,805367,Chase Meidroth (CHW) [latest],,,,,,,
Gabriel Moreno,ARI,morenga01,672515,matched_latest,672515,Gabriel Moreno (ARI) [latest],,,,,,,
Ceddanne Rafaela,BOS,rafaece01,678882,matched_latest,678882,Ceddanne Rafaela (BOS) [latest],,,,,,,
Gavin Sheets,SDP,sheetga01,657757,matched_latest,657757,Gavin Sheets (SD) [latest],,,,,,,
Spencer Steer,CIN,steersp01,668715,matched_latest,668715,Spencer Steer (CIN) [latest],,,,,,,
Travis Bazzana,CLE,bazzatr01,683953,matched_latest,683953,Travis Bazzana (CLE) [latest],,,,,,,
Alec Bohm,PHI,bohmal01,664761,matched_latest,664761,Alec Bohm (PHI) [latest],,,,,,,
Willi Castro,COL,castrwi01,650489,matched_latest,650489,Willi Castro (COL) [latest],,,,,,,
Michael Conforto,CHC,confomi01,624424,matched_latest,624424,Michael Conforto (CHC) [latest],,,,,,,
Chase DeLauter,CLE,delauch01,800050,matched_latest,800050,Chase DeLauter (CLE) [latest],,,,,,,
Teoscar Hernández,LAD,hernate01,606192,matched_latest,606192,Teoscar Hernandez (LAD) [latest],,,,,,,
Jake McCarthy,COL,mccarja02,664983,matched_latest,664983,Jake McCarthy (COL) [latest],,,,,,,
Matt McLain,CIN,mclaima01,680574,matched_latest,680574,Matt McLain (CIN) [latest],,,,,,,
Cedric Mullins,TBR,mullice01,656775,matched_latest,656775,Cedric Mullins (TB) [latest],,,,,,,
Vinnie Pasquantino,KCR,pasquvi01,686469,matched_latest,686469,Vinnie Pasquantino (KC) [latest],,,,,,,
Luke Raley,SEA,raleylu01,670042,matched_latest,670042,Luke Raley (SEA) [latest],,,,,,,
TJ Rumfield,COL,rumfitj01,681198,matched_latest,681198,TJ Rumfield (COL) [latest],,,,,,,
Marcus Semien,NYM,semiema01,543760,matched_latest,543760,Marcus Semien (NYM) [latest],,,,,,,
George Springer,TOR,springe01,543807,matched_latest,543807,George Springer (TOR) [latest],,,,,,,
Tyler Stephenson,CIN,stephty01,663886,matched_latest,663886,Tyler Stephenson (CIN) [latest],,,,,,,
Andrew Benintendi,CHW,beninan01,643217,matched_latest,643217,Andrew Benintendi (CHW) [latest],,,,,,,
José Caballero,NYY,cabaljo01,676609,matched_latest,676609,Jose Caballero (NYY) [latest],,,,,,,
Owen Caissie,MIA,caissow01,683357,matched_latest,683357,Owen Caissie (MIA) [latest],,,,,,,
Yainer Diaz,HOU,diazya02,673237,matched_latest,673237,Yainer Diaz (HOU) [latest],,,,,,,
Randal Grichuk,CHWNYY,grichra01,545341,matched_latest,545341,Randal Grichuk (CHW) [latest],,,,,,,
Ryan Jeffers,MIN,jeffery01,680777,matched_latest,680777,Ryan Jeffers (MIN) [latest],,,,,,,
Royce Lewis,MIN,lewisro02,668904,matched_latest,668904,Royce Lewis (MIN) [latest],,,,,,,
Víctor Mesa Jr.,TBR,mesavi01,683748,matched_latest,683748,Victor Mesa Jr. (TB) [latest],,,,,,,
Brandon Nimmo,TEX,nimmobr01,607043,matched_latest,607043,Brandon Nimmo (TEX) [latest],,,,,,,
Austin Wells,NYY,wellsau01,669224,matched_latest,669224,Austin Wells (NYY) [latest],,,,,,,
Kerry Carpenter,DET,carpeke01,681481,matched_latest,681481,Kerry Carpenter (DET) [latest],,,,,,,
Colton Cowser,BAL,cowseco01,681297,matched_latest,681297,Colton Cowser (BAL) [latest],,,,,,,
J.P. Crawford,SEA,crawfjp01,641487,matched_latest,641487,J.P. Crawford (SEA) [latest],,,,,,,
Caleb Durbin,BOS,durbica01,702332,matched_latest,702332,Caleb Durbin (BOS) [latest],,,,,,,
Vaughn Grissom,LAA,grissva01,687093,matched_latest,687093,Vaughn Grissom (LAA) [latest],,,,,,,
Jonah Heim,ATHATL,heimjo01,641680,matched_latest,641680,Jonah Heim (ATH) [latest],,,,,,,
Rhys Hoskins,CLE,hoskirh01,656555,matched_latest,656555,Rhys Hoskins (CLE) [latest],,,,,,,
Kyle Karros,COL,karroky01,691720,matched_latest,691720,Kyle Karros (COL) [latest],,,,,,,
Trevor Larnach,MIN,larnatr01,663616,matched_latest,663616,Trevor Larnach (MIN) [latest],,,,,,,
Joe Mack,MIA,mackjo02,691788,matched_latest,691788,Joe Mack (MIA) [latest],,,,,,,
Kyle Manzardo,CLE,manzaky01,700932,matched_latest,700932,Kyle Manzardo (CLE) [latest],,,,,,,
Michael Massey,KCR,massemi02,686681,matched_latest,686681,Michael Massey (KC) [latest],,,,,,,
Heliot Ramos,NYYSFG,ramoshe02,671218,matched_latest,671218,Heliot Ramos (NYY) [latest],,,,,,,
Brayan Rocchio,CLE,rocchbr01,677587,matched_latest,677587,Brayan Rocchio (CLE) [latest],,,,,,,
Mark Vientos,NYM,vientma01,668901,matched_latest,668901,Mark Vientos (NYM) [latest],,,,,,,
Xander Bogaerts,SDP,bogaexa01,593428,matched_latest,593428,Xander Bogaerts (SD) [latest],,,,,,,
Dylan Crews,WSN,crewsdy01,686611,matched_latest,686611,Dylan Crews (WSH) [latest],,,,,,,
Josh Jung,TEX,jungjo01,673962,matched_latest,673962,Josh Jung (TEX) [latest],,,,,,,
Josh Lowe,LAA,lowejo01,666139,matched_latest,666139,Josh Lowe (LAA) [latest],,,,,,,
Tristan Peters,CHW,petertr01,671976,matched_latest,671976,Tristan Peters (CHW) [latest],,,,,,,
José Ramírez,CLE,ramirjo01,608070,matched_latest,608070,Jose Ramirez (CLE) [latest],,,,,,,
Dalton Rushing,LAD,rushida01,687221,matched_latest,687221,Dalton Rushing (LAD) [latest],,,,,,,
Adley Rutschman,BALBOS,rutscad01,668939,matched_latest,668939,Adley Rutschman (BOS) [latest],,,,,,,
Jorge Soler,LAA,solerjo01,624585,recovered_previous,624585,Jorge Soler (LAA) [previous],,,,,,,
Ezequiel Tovar,COL,tovarez01,678662,matched_latest,678662,Ezequiel Tovar (COL) [latest],,,,,,,
Daulton Varsho,HOUTOR,varshda01,662139,matched_latest,662139,Daulton Varsho (HOU) [latest],,,,,,,
Mike Yastrzemski,ATL,yastrmi01,573262,matched_latest,573262,Mike Yastrzemski (ATL) [latest],,,,,,,
Christian Yelich,MIL,yelicch01,592885,matched_latest,592885,Christian Yelich (MIL) [latest],,,,,,,
Brett Baty,NYM,batybr01,683146,matched_latest,683146,Brett Baty (NYM) [latest],,,,,,,
Henry Bolte,ATH,boltehe01,703607,matched_latest,703607,Henry Bolte (ATH) [latest],,,,,,,
Cole Carrigg,COL,carrico01,694249,matched_latest,694249,Cole Carrigg (COL) [latest],,,,,,,
Andrés Chaparro,WSN,chapaan01,665953,matched_latest,665953,Andres Chaparro (WSH) [latest],,,,,,,
Mauricio Dubón,ATL,dubonma01,643289,matched_latest,643289,Mauricio Dubon (ATL) [latest],,,,,,,
Christian Encarnacion-Strand,BAL,encarch01,687952,matched_latest,687952,Christian Encarnacion-Strand (BAL) [latest],,,,,,,
Justin Foscue,TEX,foscuju01,679822,matched_latest,679822,Justin Foscue (TEX) [latest],,,,,,,
Drew Gilbert,SFG,gilbedr01,687551,matched_latest,687551,Drew Gilbert (SF) [latest],,,,,,,
Derek Hill,CHWPHI,hillde01,656537,matched_latest,656537,Derek Hill (PHI) [latest],,,,,,,
Spencer Jones,NYY,jonessp01,682987,matched_latest,682987,Spencer Jones (NYY) [latest],,,,,,,
Otto Lopez,MIA,lopezot01,672640,matched_latest,672640,Otto Lopez (MIA) [latest],,,,,,,
Jakob Marsee,MIA,marseja01,805300,matched_latest,805300,Jakob Marsee (MIA) [latest],,,,,,,
Ryan McMahon,NYY,mcmahry01,641857,matched_latest,641857,Ryan McMahon (NYY) [latest],,,,,,,
Garrett Mitchell,MIL,mitchga01,669003,matched_latest,669003,Garrett Mitchell (MIL) [latest],,,,,,,
J.T. Realmuto,PHI,realmjt01,592663,matched_latest,592663,J.T. Realmuto (PHI) [latest],,,,,,,
Luis Robert Jr.,BALNYM,roberlu01,673357,matched_latest,673357,Luis Robert Jr. (BAL) [latest],,,,,,,
Gary Sánchez,MIL,sanchga02,596142,matched_latest,596142,Gary Sanchez (MIL) [latest],,,,,,,
Tim Tawa,ARI,tawati01,694374,matched_latest,694374,Tim Tawa (ARI) [latest],,,,,,,
Tyrone Taylor,CHCNYM,tayloty01,621438,matched_latest,621438,Tyrone Taylor (CHC) [latest],,,,,,,
Lane Thomas,ATLKCR,thomala02,657041,matched_latest,657041,Lane Thomas (ATL) [latest],,,,,,,
Ryan Vilade,TBR,viladry01,668723,matched_latest,668723,Ryan Vilade (TB) [latest],,,,,,,
Nathan Church,STL,churcna01,701675,matched_latest,701675,Nathan Church (STL) [latest],,,,,,,
Carlos Cortes,ATH,corteca01,666126,matched_latest,666126,Carlos Cortes (ATH) [latest],,,,,,,
Henry Davis,PIT,davishe01,680779,matched_latest,680779,Henry Davis (PIT) [latest],,,,,,,
A.J. Ewing,NYM,ewingaj01,805999,matched_latest,805999,A.J. Ewing (NYM) [latest],,,,,,,
Mickey Gasper,BOS,gaspemi01,681508,matched_latest,681508,Mickey Gasper (BOS) [latest],,,,,,,
Spencer Horwitz,PIT,horwisp01,687462,matched_latest,687462,Spencer Horwitz (PIT) [latest],,,,,,,
Brady House,WSN,housebr01,691781,matched_latest,691781,Brady House (WSH) [latest],,,,,,,
Jeremiah Jackson,BAL,jacksje02,669236,matched_latest,669236,Jeremiah Jackson (BAL) [latest],,,,,,,
Luke Keaschall,MIN,keasclu01,807712,matched_latest,807712,Luke Keaschall (MIN) [latest],,,,,,,
Colt Keith,DET,keithco01,690993,matched_latest,690993,Colt Keith (DET) [latest],,,,,,,
Carson Kelly,CHC,kellyca02,608348,matched_latest,608348,Carson Kelly (CHC) [latest],,,,,,,
Alejandro Kirk,TOR,kirkal01,672386,matched_latest,672386,Alejandro Kirk (TOR) [latest],,,,,,,
Hao-Yu Lee,DET,leeha02,701678,matched_latest,701678,Hao-Yu Lee (DET) [latest],,,,,,,
Jung Hoo Lee,SFG,leeju01,808982,matched_latest,808982,Jung Hoo Lee (SF) [latest],,,,,,,
Nathan Lukes,TOR,lukesna01,664770,matched_latest,664770,Nathan Lukes (TOR) [latest],,,,,,,
Josh Naylor,SEA,naylojo01,647304,matched_latest,647304,Josh Naylor (SEA) [latest],,,,,,,
Tyler O'Neill,BAL,oneilty01,641933,matched_latest,641933,Tyler O’Neill (BAL) [latest],,,,,,,
Richie Palacios,TBR,palacri01,680700,matched_latest,680700,Richie Palacios (TB) [latest],,,,,,,
Brent Rooker,ATH,rookebr01,667670,matched_latest,667670,Brent Rooker (ATH) [latest],,,,,,,
Amed Rosario,NYY,rosaram01,642708,matched_latest,642708,Amed Rosario (NYY) [latest],,,,,,,
Keibert Ruiz,WSN,ruizke01,660688,matched_latest,660688,Keibert Ruiz (WSH) [latest],,,,,,,
Javier Sanoja,MIA,sanojja01,691594,matched_latest,691594,Javier Sanoja (MIA) [latest],,,,,,,
Will Smith,LAD,smithwi05,669257,matched_latest,669257,Will Smith (LAD) [latest],,,,,,,
Bryson Stott,PHI,stottbr01,681082,matched_latest,681082,Bryson Stott (PHI) [latest],,,,,,,
Jacob Young,WSN,youngja03,696285,matched_latest,696285,Jacob Young (WSH) [latest],,,,,,,
Moisés Ballesteros,CHCLAA,ballemo01,694208,matched_latest,694208,Moises Ballesteros (LAA) [latest],,,,,,,
Dylan Beavers,BAL,beavedy01,687637,matched_latest,687637,Dylan Beavers (BAL) [latest],,,,,,,
Evan Carter,TEX,carteev01,694497,matched_latest,694497,Evan Carter (TEX) [latest],,,,,,,
Ernie Clement,TOR,clemeer01,676391,matched_latest,676391,Ernie Clement (TOR) [latest],,,,,,,
Jonny DeLuca,TBR,delucjo01,676356,matched_latest,676356,Jonny DeLuca (TB) [latest],,,,,,,
Andrés Giménez,TOR,gimenan01,665926,matched_latest,665926,Andres Gimenez (TOR) [latest],,,,,,,
Nolan Gorman,STL,gormano01,669357,matched_latest,669357,Nolan Gorman (STL) [latest],,,,,,,
Vladimir Guerrero Jr.,TOR,guerrvl02,665489,matched_latest,665489,Vladimir Guerrero Jr. (TOR) [latest],,,,,,,
Jeff McNeil,ATH,mcneije01,643446,matched_latest,643446,Jeff McNeil (ATH) [latest],,,,,,,
Max Muncy,ATH,muncyma02,691777,manually_confirmed_user,691777,Max Muncy (ATH) [user-provided],,,,,,,
Joey Ortiz,MIL,ortizjo06,687401,matched_latest,687401,Joey Ortiz (MIL) [latest],,,,,,,
Geraldo Perdomo,ARI,perdoge01,672695,matched_latest,672695,Geraldo Perdomo (ARI) [latest],,,,,,,
Jose Siri,LAA,sirijo01,642350,matched_latest,642350,Jose Siri (LAA) [latest],,,,,,,
Luis Torrens,NYM,torrelu01,620443,matched_latest,620443,Luis Torrens (NYM) [latest],,,,,,,
Ildemaro Vargas,ARI,vargail01,545121,matched_latest,545121,Ildemaro Vargas (ARI) [latest],,,,,,,
Donovan Walton,ATHLAA,waltodo01,622268,matched_latest,622268,Donovan Walton (ATH) [latest],,,,,,,
Jared Young,NYM,youngja02,676724,matched_latest,676724,Jared Young (NYM) [latest],,,,,,,
Sam Antonacci,CHW,antonsa01,803011,matched_latest,803011,Sam Antonacci (CHW) [latest],,,,,,,
Patrick Bailey,CLESFG,bailepa01,672275,matched_latest,672275,Patrick Bailey (CLE) [latest],,,,,,,
Luis Campusano,SDP,campulu01,669134,matched_latest,669134,Luis Campusano (SD) [latest],,,,,,,
Tommy Edman,LAD,edmanto01,669242,matched_latest,669242,Tommy Edman (LAD) [latest],,,,,,,
Colt Emerson,SEA,emersco01,806068,matched_latest,806068,Colt Emerson (SEA) [latest],,,,,,,
David Fry,CLE,fryda01,681807,matched_latest,681807,David Fry (CLE) [latest],,,,,,,
Denzer Guzmán,LAA,guzmade01,694203,matched_latest,694203,Denzer Guzman (LAA) [latest],,,,,,,
Nico Hoerner,CHC,hoernni01,663538,matched_latest,663538,Nico Hoerner (CHC) [latest],,,,,,,
Ryan Kreidler,MIN,kreidry01,668952,matched_latest,668952,Ryan Kreidler (MIN) [latest],,,,,,,
Nick Loftin,KCR,loftini01,679845,matched_latest,679845,Nick Loftin (KC) [latest],,,,,,,
Dane Myers,CIN,myersda01,667472,matched_latest,667472,Dane Myers (CIN) [latest],,,,,,,
Lars Nootbaar,ARISTL,nootbla01,663457,matched_latest,663457,Lars Nootbaar (ARI) [latest],,,,,,,
Marcell Ozuna,PIT,ozunama01,542303,recovered_previous,542303,Marcell Ozuna (PIT) [previous],,,,,,,
Jesús Sánchez,ARITOR,sanchje02,660821,matched_latest,660821,Jesus Sanchez (ARI) [latest],,,,,,,
Dominic Smith,ATL,smithdo02,642086,matched_latest,642086,Dominic Smith (ATL) [latest],,,,,,,
Edmundo Sosa,PHI,sosaed01,624641,matched_latest,624641,Edmundo Sosa (PHI) [latest],,,,,,,
Leody Taveras,BAL,taverle01,665750,matched_latest,665750,Leody Taveras (BAL) [latest],,,,,,,
Gleyber Torres,DET,torregl01,650402,matched_latest,650402,Gleyber Torres (DET) [latest],,,,,,,
Taylor Trammell,HOU,trammta01,666211,matched_latest,666211,Taylor Trammell (HOU) [latest],,,,,,,
Brandon Valenzuela,TOR,valenbr01,678218,matched_latest,678218,Brandon Valenzuela (TOR) [latest],,,,,,,
Joshua Báez,STL,baezjo02,695491,matched_latest,695491,Joshua Baez (STL) [latest],,,,,,,
Victor Caratini,MIN,caratvi01,605170,matched_latest,605170,Victor Caratini (MIN) [latest],,,,,,,
Matt Chapman,SFG,chapmma01,656305,matched_latest,656305,Matt Chapman (SF) [latest],,,,,,,
Jake Cronenworth,SDP,croneja01,630105,matched_latest,630105,Jake Cronenworth (SD) [latest],,,,,,,
Elias Díaz,KCRTEX,diazel01,553869,matched_latest,553869,Elias Diaz (TEX) [latest],,,,,,,
Adolis García,PHI,garciad02,666969,matched_latest,666969,Adolis Garcia (PHI) [latest],,,,,,,
Kyle Higashioka,TEX,higasky01,543309,matched_latest,543309,Kyle Higashioka (TEX) [latest],,,,,,,
Jackson Holliday,BAL,hollija01,702616,matched_latest,702616,Jackson Holliday (BAL) [latest],,,,,,,
Ramón Laureano,SDP,laurera01,657656,matched_latest,657656,Ramon Laureano (SD) [latest],,,,,,,
George Lombard Jr.,NYY,lombage02,806146,matched_latest,806146,George Lombard Jr. (NYY) [latest],,,,,,,
Brice Matthews,HOU,matthbr01,694728,matched_latest,694728,Brice Matthews (HOU) [latest],,,,,,,
Connor Norby,COLMIA,norbyco01,681393,matched_latest,681393,Connor Norby (COL) [latest],,,,,,,
Oswald Peraza,LAA,perazos02,672724,matched_latest,672724,Oswald Peraza (LAA) [latest],,,,,,,
Wenceel Pérez,DET,perezwe01,672761,matched_latest,672761,Wenceel Perez (DET) [latest],,,,,,,
Endy Rodríguez,PIT,rodrien01,682848,matched_latest,682848,Endy Rodriguez (PIT) [latest],,,,,,,
Drew Romo,CHW,romodr01,691011,matched_latest,691011,Drew Romo (CHW) [latest],,,,,,,
Nolan Schanuel,LAA,schanno01,694384,matched_latest,694384,Nolan Schanuel (LAA) [latest],,,,,,,
Brett Sullivan,COL,sullibr01,664954,matched_latest,664954,Brett Sullivan (COL) [latest],,,,,,,
José Tena,WSN,tenajo01,677588,matched_latest,677588,Jose Tena (WSH) [latest],,,,,,,
Christian Vázquez,HOU,vazquch01,543877,matched_latest,543877,Christian Vazquez (HOU) [latest],,,,,,,
Taylor Ward,BALSEA,wardta01,621493,matched_latest,621493,Taylor Ward (SEA) [latest],,,,,,,
Jacob Wilson,ATH,wilsoja05,805779,matched_latest,805779,Jacob Wilson (ATH) [latest],,,,,,,
Miguel Amaya,CHC,amayami01,665804,matched_latest,665804,Miguel Amaya (CHC) [latest],,,,,,,
Luis Arraez,PHISFG,arraelu01,650333,matched_latest,650333,Luis Arraez (PHI) [latest],,,,,,,
Isaac Collins,KCR,colliis01,686555,matched_latest,686555,Isaac Collins (KC) [latest],,,,,,,
Jasson Domínguez,NYY,dominja01,691176,matched_latest,691176,Jasson Dominguez (NYY) [latest],,,,,,,
Xavier Edwards,MIA,edwarxa01,669364,matched_latest,669364,Xavier Edwards (MIA) [latest],,,,,,,
José Fermín,STL,fermijo01,665877,manually_confirmed_user,665877,José Fermín (STL) [user-provided],,,,,,,
Nick Fortes,TBR,forteni01,663743,matched_latest,663743,Nick Fortes (TB) [latest],,,,,,,
Nick Gonzales,PIT,gonzani01,693304,matched_latest,693304,Nick Gonzales (PIT) [latest],,,,,,,
Jacob Gonzalez,CHWPIT,gonzaja01,694378,matched_latest,694378,Jacob Gonzalez (PIT) [latest],,,,,,,
Austin Hedges,CLE,hedgeau01,595978,matched_latest,595978,Austin Hedges (CLE) [latest],,,,,,,
Kyle Isbel,KCR,isbelky01,664728,matched_latest,664728,Kyle Isbel (KC) [latest],,,,,,,
Danny Jansen,TEX,janseda01,643376,matched_latest,643376,Danny Jansen (TEX) [latest],,,,,,,
Jahmai Jones,BOSDET,jonesja08,663330,matched_latest,663330,Jahmai Jones (BOS) [latest],,,,,,,
Jordan Lawlar,ARI,lawlajo01,691783,matched_latest,691783,Jordan Lawlar (ARI) [latest],,,,,,,
Noelvi Marté,CIN,marteno01,682622,matched_latest,682622,Noelvi Marte (CIN) [latest],,,,,,,
James McCann,ARI,mccanja02,543510,matched_latest,543510,James McCann (ARI) [latest],,,,,,,
Andruw Monasterio,BOS,monasan01,655316,matched_latest,655316,Andruw Monasterio (BOS) [latest],,,,,,,
Braden Montgomery,CHW,montgbr01,695731,matched_latest,695731,Braden Montgomery (CHW) [latest],,,,,,,
Pedro Ramírez,CHC,ramirpe01,699393,matched_latest,699393,Pedro Ramirez (CHC) [latest],,,,,,,
John Rave,KCR,ravejo01,670231,matched_latest,670231,John Rave (KC) [latest],,,,,,,
Héctor Rodríguez,CIN,rodrihe05,699302,matched_latest,699302,Hector Rodriguez (CIN) [latest],,,,,,,
Esteury Ruiz,MIA,ruizes01,665923,matched_latest,665923,Esteury Ruiz (MIA) [latest],,,,,,,
Daniel Schneemann,CLE,schneda04,682177,matched_latest,682177,Daniel Schneemann (CLE) [latest],,,,,,,
Josh Smith,TEXTOR,smithjo11,669701,matched_latest,669701,Josh Smith (TOR) [latest],,,,,,,
Eduardo Valencia,DET,valened01,680664,matched_latest,680664,Eduardo Valencia (DET) [latest],,,,,,,
Andrew Vaughn,MIL,vaughan01,683734,matched_latest,683734,Andrew Vaughn (MIL) [latest],,,,,,,
Nelson Velázquez,HOUSTL,velazne01,676369,matched_latest,676369,Nelson Velazquez (HOU) [latest],,,,,,,
Eli White,ATLBOS,whiteel04,642201,matched_latest,642201,Eli White (BOS) [latest],,,,,,,
Miguel Andujar,SDP,andujmi01,609280,matched_latest,609280,Miguel Andujar (SD) [latest],,,,,,,
Roman Anthony,BOS,anthoro01,701350,matched_latest,701350,Roman Anthony (BOS) [latest],,,,,,,
Gabriel Arias,CHCCLENYM,ariasga01,672356,matched_latest,672356,Gabriel Arias (CHC) [latest],,,,,,,
Harrison Bader,SFG,baderha01,664056,matched_latest,664056,Harrison Bader (SF) [latest],,,,,,,
Osleivis Basabe,SFG,basabos01,678545,matched_latest,678545,Osleivis Basabe (SF) [latest],,,,,,,
Víctor Bericoto,SFG,bericvi01,682674,matched_latest,682674,Victor Bericoto (SF) [latest],,,,,,,
Jimmy Crooks,STL,crookji01,699625,matched_latest,699625,Jimmy Crooks (STL) [latest],,,,,,,
Adrian Del Castillo,ARI,delcaad01,680728,matched_latest,680728,Adrian Del Castillo (ARI) [latest],,,,,,,
Konnor Griffin,PIT,griffko01,804606,matched_latest,804606,Konnor Griffin (PIT) [latest],,,,,,,
Ke'Bryan Hayes,CIN,hayeske01,663647,matched_latest,663647,Ke’Bryan Hayes (CIN) [latest],,,,,,,
Ben Malgeri,DET,malgebe01,,unmatched_review,,,,,,,,,
Jake Mangum,PIT,manguja01,663968,matched_latest,663968,Jake Mangum (PIT) [latest],,,,,,,
Jorge Mateo,ATLTBR,mateojo01,622761,matched_latest,622761,Jorge Mateo (TB) [latest],,,,,,,
Abimelec Ortiz,WSN,ortizab01,694673,matched_latest,694673,Abimelec Ortiz (WSH) [latest],,,,,,,
James Outman,DETMIN,outmaja01,681546,matched_latest,681546,James Outman (DET) [latest],,,,,,,
Everson Pereira,CHWSTL,pereiev01,677592,matched_latest,677592,Everson Pereira (STL) [latest],,,,,,,
Yohendrick Piñango,TOR,pinanyo01,682818,matched_latest,682818,Yohendrick Pinango (TOR) [latest],,,,,,,
Agustín Ramírez,MIA,ramirag01,682663,matched_latest,682663,Agustin Ramirez (MIA) [latest],,,,,,,
Davis Schneider,TOR,schneda03,676914,matched_latest,676914,Davis Schneider (TOR) [latest],,,,,,,
Brian Serven,ATH,servebr01,661531,matched_latest,661531,Brian Serven (ATH) [latest],,,,,,,
Matt Shaw,CHC,shawma01,807713,matched_latest,807713,Matt Shaw (CHC) [latest],,,,,,,
Nick Sogard,BOS,sogarni01,686765,matched_latest,686765,Nick Sogard (BOS) [latest],,,,,,,
Trevor Story,BOS,storytr01,596115,matched_latest,596115,Trevor Story (BOS) [latest],,,,,,,
Kyle Teel,CHW,teelky01,691019,matched_latest,691019,Kyle Teel (CHW) [latest],,,,,,,
Jose Trevino,CIN,trevijo01,624431,matched_latest,624431,Jose Trevino (CIN) [latest],,,,,,,
Matt Vierling,DET,vierlma01,663837,matched_latest,663837,Matt Vierling (DET) [latest],,,,,,,
Masyn Winn,STL,winnma01,691026,matched_latest,691026,Masyn Winn (STL) [latest],,,,,,,
Masataka Yoshida,BOS,yoshima02,807799,matched_latest,807799,Masataka Yoshida (BOS) [latest],,,,,,,
Blaze Alexander,BAL,alexabl01,677942,matched_latest,677942,Blaze Alexander (BAL) [latest],,,,,,,
Adael Amador,COL,amadoad01,691182,matched_latest,691182,Adael Amador (COL) [latest],,,,,,,
Joey Bart,ATLCHWPIT,bartjo01,663698,matched_latest,663698,Joey Bart (CHW) [latest],,,,,,,
Leo Bernal,STL,bernale01,699024,matched_latest,699024,Leo Bernal (STL) [latest],,,,,,,
Nick Castellanos,SDP,casteni01,592206,manually_confirmed_user,592206,Nick Castellanos (SDP) [user-provided],,,,,,,
Jonah Cox,SFG,coxjo01,813841,matched_latest,813841,Jonah Cox (SF) [latest],,,,,,,
Brenton Doyle,CHWCOL,doylebr02,686668,matched_latest,686668,Brenton Doyle (CHW) [latest],,,,,,,
Freddy Fermin,SDP,fermifr01,666023,matched_latest,666023,Freddy Fermin (SD) [latest],,,,,,,
Alex Freeland,LAD,freelal01,690976,matched_latest,690976,Alex Freeland (LAD) [latest],,,,,,,
Sal Frelick,MIL,frelisa01,686217,matched_latest,686217,Sal Frelick (MIL) [latest],,,,,,,
TJ Friedl,CIN,friedtj01,670770,recovered_previous,670770,TJ Friedl (CIN) [previous],,,,,,,
Mitch Garver,SEA,garvemi01,641598,matched_latest,641598,Mitch Garver (NYY) [latest],,,,,,,
Tristan Gray,MIN,graytr01,656484,matched_latest,656484,Tristan Gray (MIN) [latest],,,,,,,
Eric Haase,SFG,haaseer01,606992,matched_latest,606992,Eric Haase (ATL) [latest],,,,,,,
Petey Halpin,CLE,halpipe01,690984,matched_latest,690984,Petey Halpin (CLE) [latest],,,,,,,
David Hamilton,MIL,hamilda03,666152,matched_latest,666152,David Hamilton (MIL) [latest],,,,,,,
Walker Jenkins,MIN,jenkiwa01,805805,matched_latest,805805,Walker Jenkins (MIN) [latest],,,,,,,
Troy Johnston,COL,johnstr02,687859,matched_latest,687859,Troy Johnston (COL) [latest],,,,,,,
Christian Koss,SFG,kossch01,683766,matched_latest,683766,Christian Koss (SF) [latest],,,,,,,
Zach McKinstry,DET,mckinza01,656716,matched_latest,656716,Zach McKinstry (DET) [latest],,,,,,,
MJ Melendez,NYM,melenmj01,669004,matched_latest,669004,MJ Melendez (NYM) [latest],,,,,,,
Lázaro Montes,SEA,montela01,703155,matched_latest,703155,Lazaro Montes (SEA) [latest],,,,,,,
Yohandy Morales,WSN,moralyo01,691002,matched_latest,691002,Yohandy Morales (WSH) [latest],,,,,,,
Logan O'Hoppe,LAATEX,ohopplo01,681351,matched_latest,681351,Logan O’Hoppe (TEX) [latest],,,,,,,
Pedro Pagés,STL,pagespe02,686780,matched_latest,686780,Pedro Pages (STL) [latest],,,,,,,
Graham Pauley,MIA,paulegr01,688363,matched_latest,688363,Graham Pauley (MIA) [latest],,,,,,,
Rob Refsnyder,SEA,refsnro01,608701,recovered_previous,608701,Rob Refsnyder (SEA) [previous],,,,,,,
Luis Rengifo,MILSDP,rengilu01,650859,matched_latest,650859,Luis Rengifo (SD) [latest],,,,,,,
Jake Rogers,BALBOSCHWDET,rogerja03,668670,matched_latest,668670,Jake Rogers (CHW) [latest],,,,,,,
Miguel Rojas,LAD,rojasmi02,500743,matched_latest,500743,Miguel Rojas (LAD) [latest],,,,,,,
Thomas Saggese,STL,saggeth01,695336,matched_latest,695336,Thomas Saggese (STL) [latest],,,,,,,
Colby Thomas,ATH,thomaco03,687515,matched_latest,687515,Colby Thomas (PHI) [latest],,,,,,,
Bryan Torres,STL,torrebr01,663494,matched_latest,663494,Bryan Torres (STL) [latest],,,,,,,
Tommy Troy,ARI,troyto01,694371,matched_latest,694371,Tommy Troy (ARI) [latest],,,,,,,
Ramón Urías,STL,uriasra01,602104,recovered_previous,602104,Ramon Urias (STL) [previous],,,,,,,
LaMonte Wade Jr.,HOU,wadela01,664774,matched_latest,664774,LaMonte Wade Jr. (HOU) [latest],,,,,,,
Matt Wallner,MIN,wallnma01,670242,matched_latest,670242,Matt Wallner (MIN) [latest],,,,,,,
Shay Whitcomb,HOUSFG,whitcsh01,694376,matched_latest,694376,Shay Whitcomb (SF) [latest],,,,,,,
Alika Williams,ATH,willial04,675961,matched_latest,675961,Alika Williams (ATH) [latest],,,,,,,
Weston Wilson,BALSEA,wilsowe01,642215,matched_latest,642215,Weston Wilson (SEA) [latest],,,,,,,
Connor Wong,BOS,wongco01,657136,matched_latest,657136,Connor Wong (BOS) [latest],,,,,,,
Nick Allen,HOU,allenni02,669397,matched_latest,669397,Nick Allen (HOU) [latest],,,,,,,
Javier Báez,DET,baezja01,595879,matched_latest,595879,Javier Baez (DET) [latest],,,,,,,
Will Benson,CIN,bensowi01,666181,recovered_previous,666181,Will Benson (CIN) [previous],,,,,,,
Juan Brito,CINCLE,britoju02,682877,matched_latest,682877,Juan Brito (CIN) [latest],,,,,,,
Tyler Callihan,PIT,callity01,682997,matched_latest,682997,Tyler Callihan (PIT) [latest],,,,,,,
Max Clark,DET,clarkma04,703601,matched_latest,703601,Max Clark (DET) [latest],,,,,,,
Zach Cole,HOU,coleza01,805904,matched_latest,805904,Zach Cole (HOU) [latest],,,,,,,
Carlos Correa,HOU,correca01,621043,matched_latest,621043,Carlos Correa (HOU) [latest],,,,,,,
Justin Crawford,PHI,crawfju01,702222,matched_latest,702222,Justin Crawford (PHI) [latest],,,,,,,
Kaelen Culpepper,MIN,culpeka01,701785,matched_latest,701785,Kaelen Culpepper (MIN) [latest],,,,,,,
Brendan Donovan,SEA,donovbr01,680977,matched_latest,680977,Brendan Donovan (SEA) [latest],,,,,,,
Rodolfo Durán,SDP,duranro02,660710,matched_latest,660710,Rodolfo Duran (SD) [latest],,,,,,,
Hunter Feduccia,LADTBR,feduchu01,676439,matched_latest,676439,Hunter Feduccia (LAD) [latest],,,,,,,
José Fernández,ARI,fernajo06,699912,matched_latest,699912,Jose Fernandez (ARI) [latest],,,,,,,
Harry Ford,WSN,fordha01,695670,matched_latest,695670,Harry Ford (WSH) [latest],,,,,,,
Tyler Freeman,COL,freemty01,671289,matched_latest,671289,Tyler Freeman (COL) [latest],,,,,,,
Maikel Garcia,KCR,garcima01,672580,matched_latest,672580,Maikel Garcia (KC) [latest],,,,,,,
Austin Hays,CHWSDP,haysau01,669720,matched_latest,669720,Austin Hays (SD) [latest],,,,,,,
Kiké Hernández,LAD,hernaen02,571771,manually_confirmed_user,571771,Kiké Hernández (LAD) [user-provided],,,,,,,
Blaze Jordan,STL,jordabl01,691458,matched_latest,691458,Blaze Jordan (STL) [latest],,,,,,,
Edouard Julien,COL,julieed01,666397,matched_latest,666397,Edouard Julien (COL) [latest],,,,,,,
Steven Kwan,CLE,kwanst01,680757,matched_latest,680757,Steven Kwan (CLE) [latest],,,,,,,
Austin Martin,MIN,martiau01,668885,matched_latest,668885,Austin Martin (MIN) [latest],,,,,,,
Marcelo Mayer,BOSSFG,mayerma01,691785,matched_latest,691785,Marcelo Mayer (SF) [latest],,,,,,,
Wade Meckler,LAA,mecklwa01,685133,matched_latest,685133,Wade Meckler (LAA) [latest],,,,,,,
Jake Meyers,HOU,meyerja02,676694,matched_latest,676694,Jake Meyers (HOU) [latest],,,,,,,
Yoán Moncada,LAA,moncayo01,660162,matched_latest,660162,Yoan Moncada (LAA) [latest],,,,,,,
Sean Murphy,ATL,murphse01,669221,matched_latest,669221,Sean Murphy (ATL) [latest],,,,,,,
Carlos Narváez,BALBOS,narvaca01,665966,matched_latest,665966,Carlos Narvaez (BAL) [latest],,,,,,,
Bo Naylor,CLEMIL,naylobo01,666310,matched_latest,666310,Bo Naylor (MIL) [latest],,,,,,,
Junior Pérez,CHW,perezju03,678577,matched_latest,678577,Junior Perez (CHW) [latest],,,,,,,
Cooper Pratt,MIL,prattco01,806198,matched_latest,806198,Cooper Pratt (MIL) [latest],,,,,,,
Edgar Quero,CHW,queroed01,700337,matched_latest,700337,Edgar Quero (CHW) [latest],,,,,,,
Anthony Seigler,BOS,seiglan01,678011,matched_latest,678011,Anthony Seigler (BOS) [latest],,,,,,,
Braden Shewmake,HOUMIL,shewmbr01,669699,matched_latest,669699,Braden Shewmake (HOU) [latest],,,,,,,
Pavin Smith,ARI,smithpa04,656976,matched_latest,656976,Pavin Smith (ARI) [latest],,,,,,,
Lucas Spence,HOU,spenclu01,,unmatched_review,,,,,,,,,
Giancarlo Stanton,NYY,stantmi03,519317,matched_latest,519317,Giancarlo Stanton (NYY) [latest],,,,,,,
Myles Straw,TOR,strawmy01,664702,matched_latest,664702,Myles Straw (TOR) [latest],,,,,,,
Daniel Susac,SFG,susacda01,691740,matched_latest,691740,Daniel Susac (SF) [latest],,,,,,,
Tyler Tolbert,KCR,tolbety01,686475,matched_latest,686475,Tyler Tolbert (KC) [latest],,,,,,,
Jared Triolo,PIT,triolja01,669707,matched_latest,669707,Jared Triolo (PIT) [latest],,,,,,,
Luis Urías,TOR,uriaslu01,649966,matched_latest,649966,Luis Urias (TOR) [latest],,,,,,,
Zac Veen,COL,veenza01,691728,matched_latest,691728,Zac Veen (COL) [latest],,,,,,,
Jorbit Vivas,WSN,vivasjo01,678391,matched_latest,678391,Jorbit Vivas (WSH) [latest],,,,,,,
Ryan Waldschmidt,ARI,waldsry01,814439,matched_latest,814439,Ryan Waldschmidt (ARI) [latest],,,,,,,
Ryan Ward,LAD,wardry01,669899,recovered_previous,669899,Ryan Ward (LAD) [previous],,,,,,,
Tommy White,ATH,whiteto01,695720,matched_latest,695720,Tommy White (ATH) [latest],,,,,,,
Joey Wiemer,WSN,wiemejo01,686894,recovered_previous,686894,Joey Wiemer (WSH) [previous],,,,,,,
Ben Williamson,TBR,willibe03,810938,matched_latest,810938,Ben Williamson (TB) [latest],,,,,,,
Jorge Barrosa,ARIHOU,barrojo01,678489,matched_latest,678489,Jorge Barrosa (HOU) [latest],,,,,,,
Brett Bateman,TOR,batembr01,703520,matched_latest,703520,Brett Bateman (TOR) [latest],,,,,,,
Jase Bowen,SDP,bowenja01,687749,matched_latest,687749,Jase Bowen (SD) [latest],,,,,,,
Jonatan Clase,TOR,clasejo01,682729,matched_latest,682729,Jonatan Clase (TOR) [latest],,,,,,,
Bryan De La Cruz,PHI,delacbr01,650559,matched_latest,650559,Bryan De La Cruz (PHI) [latest],,,,,,,
Blake Dunn,CIN,dunnbl01,694362,matched_latest,694362,Blake Dunn (CIN) [latest],,,,,,,
Jake Fraley,TBR,fraleja01,641584,recovered_previous,641584,Jake Fraley (TB) [previous],,,,,,,
Ángel Genao,CLE,genaoan01,694197,matched_latest,694197,Angel Genao (CLE) [latest],,,,,,,
Lourdes Gurriel Jr.,ARI,gurrilo01,666971,matched_latest,666971,Lourdes Gurriel Jr. (FA) [latest],,,,,,,
Jonathan India,KCR,indiajo01,663697,matched_latest,663697,Jonathan India (KC) [latest],,,,,,,
Leo Jiménez,MIA,jimenle01,677870,recovered_previous,677870,Leo Jimenez (MIA) [previous],,,,,,,
Max Kepler,ARI,keplema01,596146,recovered_previous,596146,Max Kepler (ARI) [previous],,,,,,,
Sean Keys,TOR,keysse01,815873,matched_latest,815873,Sean Keys (TOR) [latest],,,,,,,
Isiah Kiner-Falefa,BOS,kineris01,643396,matched_latest,643396,Isiah Kiner-Falefa (BOS) [latest],,,,,,,
Andrew Knizner,SFG,kniznan01,668800,matched_latest,668800,Andrew Knizner (SF) [latest],,,,,,,
Rafael Marchán,PHI,marchra01,665561,matched_latest,665561,Rafael Marchan (PHI) [latest],,,,,,,
Starling Marte,KCR,martest01,516782,recovered_previous,516782,Starling Marte (KC) [previous],,,,,,,
Charles McAdoo,TOR,mcadoch01,807727,matched_latest,807727,Charles McAdoo (TOR) [latest],,,,,,,
Grant McCray,SFG,mccragr01,687529,matched_latest,687529,Grant McCray (SF) [latest],,,,,,,
Drew Millas,WSN,milladr01,686452,matched_latest,686452,Drew Millas (WSH) [latest],,,,,,,
Christian Moore,LAA,moorech03,695681,matched_latest,695681,Christian Moore (LAA) [latest],,,,,,,
Jhonny Pereda,SEA,peredjh01,640902,matched_latest,640902,Jhonny Pereda (SEA) [latest],,,,,,,
Jorge Polanco,NYM,polanjo01,593871,matched_latest,593871,Jorge Polanco (NYM) [latest],,,,,,,
Gabriel Rincones Jr.,PHI,rincoga01,687282,matched_latest,687282,Gabriel Rincones Jr. (PHI) [latest],,,,,,,
Emmanuel Rodríguez,MIN,rodriem01,691181,matched_latest,691181,Emmanuel Rodriguez (MIN) [latest],,,,,,,
Jesús Rodríguez,SFG,rodrije02,683679,matched_latest,683679,Jesus Rodriguez (SF) [latest],,,,,,,
Josh Rojas,KCR,rojasjo01,668942,matched_latest,668942,Josh Rojas (KC) [latest],,,,,,,
Ethan Salas,SDP,salaset01,806956,matched_latest,806956,Ethan Salas (SD) [latest],,,,,,,
Max Schuemann,NYY,schuema01,680474,matched_latest,680474,Max Schuemann (NYY) [latest],,,,,,,
Victor Scott II,STL,scottvi01,687363,matched_latest,687363,Victor Scott II (STL) [latest],,,,,,,
Samad Taylor,SDP,taylosa04,669392,matched_latest,669392,Samad Taylor (SD) [latest],,,,,,,
Alek Thomas,ARILAD,thomaal01,677950,recovered_previous,677950,Alek Thomas (LAD) [previous],,,,,,,
Sterlin Thompson,COL,thompst01,694514,matched_latest,694514,Sterlin Thompson (COL) [latest],,,,,,,
Anthony Volpe,NYY,volpean01,683011,matched_latest,683011,Anthony Volpe (NYY) [latest],,,,,,,
Eric Wagaman,NYM,wagamer01,676572,matched_latest,676572,Eric Wagaman (NYM) [latest],,,,,,,
Taylor Walls,TBR,wallsta01,670764,matched_latest,670764,Taylor Walls (TB) [latest],,,,,,,
Gage Workman,DETSDP,workmga01,669398,matched_latest,669398,Gage Workman (SD) [latest],,,,,,,
Luisangel Acuña,CHW,acunajo01,682668,matched_latest,682668,Luisangel Acuna (CHW) [latest],,,,,,,
Kevin Alcántara,CHC,alcanke01,682634,matched_latest,682634,Kevin Alcantara (CHC) [latest],,,,,,,
Orlando Arcia,MIN,arciaor01,606115,matched_latest,606115,Orlando Arcia (CIN) [latest],,,,,,,
Michael Arroyo,SEA,arroymi01,703197,matched_latest,703197,Michael Arroyo (SEA) [latest],,,,,,,
Jordan Beck,COL,beckjo01,687597,matched_latest,687597,Jordan Beck (COL) [latest],,,,,,,
Alex Call,LAD,callal02,669743,matched_latest,669743,Alex Call (LAD) [latest],,,,,,,
Brett Callahan,DET,callabr01,,unmatched_review,,,,,,,,,
Daz Cameron,TOR,camerda01,663662,matched_latest,663662,Daz Cameron (TOR) [latest],,,,,,,
Cam Cauley,TEX,cauleca01,695508,matched_latest,695508,Cam Cauley (TEX) [latest],,,,,,,
Drew Cavanaugh,SFG,cavandr01,701852,matched_latest,701852,Drew Cavanaugh (SF) [latest],,,,,,,
Travis d'Arnaud,LAA,darnatr01,518595,matched_latest,518595,Travis d’Arnaud (LAA) [latest],,,,,,,
Ray Delgado,HOU,delgara02,,unmatched_review,,,,,,,,,
Josue De Paula,LAD,depaujo03,800543,matched_latest,800543,Josue De Paula (LAD) [latest],,,,,,,
Zach Dezenzo,HOU,dezenza01,701305,matched_latest,701305,Zach Dezenzo (HOU) [latest],,,,,,,
Nate Eaton,BOS,eatonna01,681987,matched_latest,681987,Nate Eaton (BOS) [latest],,,,,,,
Santiago Espinal,LAD,espinsa01,669289,matched_latest,669289,Santiago Espinal (ARI) [latest],,,,,,,
Adam Frazier,LAA,fraziad01,624428,matched_latest,624428,Adam Frazier (LAA) [latest],,,,,,,
Cody Freeman,TEX,freemco01,683227,matched_latest,683227,Cody Freeman (TEX) [latest],,,,,,,
Braxton Fulford,COL,fulfobr01,690924,matched_latest,690924,Braxton Fulford (COL) [latest],,,,,,,
Aramis Garcia,ARI,garciar01,605244,recovered_previous,605244,Aramis Garcia (ARI) [previous],,,,,,,
Romy González,BOS,gonzaro01,663853,matched_latest,663853,Romy Gonzalez (BOS) [latest],,,,,,,
LuJames Groover,ARI,groovlu01,694410,matched_latest,694410,LuJames Groover (ARI) [latest],,,,,,,
Tyler Heineman,LAATOR,heinety01,623168,matched_latest,623168,Tyler Heineman (LAA) [latest],,,,,,,
Michael Helman,TEX,helmami01,680737,matched_latest,680737,Michael Helman (TEX) [latest],,,,,,,
Darell Hernaiz,ATH,hernada04,687231,matched_latest,687231,Darell Hernaiz (ATH) [latest],,,,,,,
Turner Hill,SFG,hilltu01,806367,matched_latest,806367,Turner Hill (SF) [latest],,,,,,,
Alex Jackson,MIN,jacksal02,656577,matched_latest,656577,Alex Jackson (MIN) [latest],,,,,,,
Jim Jarvis,ATL,jarviji01,805347,matched_latest,805347,Jim Jarvis (ATL) [latest],,,,,,,
Connor Joe,SEA,joeco01,656582,matched_latest,656582,Connor Joe (SEA) [latest],,,,,,,
Carlos Jorge,CIN,jorgeca01,,unmatched_review,,,,,,,,,
CJ Kayfus,CLE,kayfucj01,692216,matched_latest,692216,CJ Kayfus (CLE) [latest],,,,,,,
Jarred Kelenic,CHWTEX,kelenja01,672284,matched_latest,672284,Jarred Kelenic (NYY) [latest],,,,,,,
Hyeseong Kim,LAD,kimhy02,808975,matched_latest,808975,Hyeseong Kim (LAD) [latest],,,,,,,
Joshua Kuroda-Grauer,ATH,kurodjo01,811965,matched_latest,811965,Joshua Kuroda-Grauer (ATH) [latest],,,,,,,
Luis Lara,MIL,laralu01,800325,matched_latest,800325,Luis Lara (MIL) [latest],,,,,,,
Tyler Locklear,ARI,locklty01,682988,matched_latest,682988,Tyler Locklear (ARI) [latest],,,,,,,
Joey Loperfido,HOU,loperjo01,694388,matched_latest,694388,Joey Loperfido (HOU) [latest],,,,,,,
Nicky Lopez,CHCTEX,lopezni01,670032,matched_latest,670032,Nicky Lopez (TEX) [latest],,,,,,,
Luke Maile,KCR,mailelu01,571912,matched_latest,571912,Luke Maile (KC) [latest],,,,,,,
Ronny Mauricio,NYM,mauriro01,677595,matched_latest,677595,Ronny Mauricio (NYM) [latest],,,,,,,
Andrew McCutchen,TEX,mccutan01,457705,recovered_previous,457705,Andrew McCutchen (ATL) [previous],,,,,,,
Christopher Morel,MIANYM,morelch01,666624,matched_latest,666624,Christopher Morel (NYM) [latest],,,,,,,
Tanner Murray,CHW,murrata01,,unmatched_review,,,,,,,,,
Brian Navarreto,MIA,navarbr01,640459,matched_latest,640459,Brian Navarreto (MIA) [latest],,,,,,,
Nasim Nuñez,WSN,nunezna01,683083,matched_latest,683083,Nasim Nunez (WSH) [latest],,,,,,,
Alejandro Osuna,TEX,osunaal02,696030,matched_latest,696030,Alejandro Osuna (TEX) [latest],,,,,,,
Blake Perkins,MIL,perkibl01,663368,matched_latest,663368,Blake Perkins (CLE) [latest],,,,,,,
Tommy Pham,CHWNYM,phamth01,502054,matched_latest,502054,Tommy Pham (CHW) [latest],,,,,,,
Andrew Pinckney,WSN,pinckan01,,unmatched_review,,,,,,,,,
Kenny Piper,TBR,piperke01,,unmatched_review,,,,,,,,,
Yohel Pozo,BALSTL,pozoyo01,650968,matched_latest,650968,Yohel Pozo (BAL) [latest],,,,,,,
Félix Reyes,PHI,reyesfe01,694025,matched_latest,694025,Felix Reyes (PHI) [latest],,,,,,,
Alan Roden,MIN,rodenal01,702176,matched_latest,702176,Alan Roden (MIN) [latest],,,,,,,
Shawn Ross,PIT,rosssh01,,unmatched_review,,,,,,,,,
Ali Sánchez,NYY,sanchal04,645305,matched_latest,645305,Ali Sanchez (NYY) [latest],,,,,,,
Hayden Senger,NYM,sengeha01,663584,matched_latest,663584,Hayden Senger (NYM) [latest],,,,,,,
Ronny Simón,PIT,simonro01,682927,matched_latest,682927,Ronny Simon (PIT) [latest],,,,,,,
Sung-Mun Song,SDP,songsu01,823550,matched_latest,823550,Sung-Mun Song (SD) [latest],,,,,,,
Lenyn Sosa,CHWTOR,sosale01,672820,recovered_previous,672820,Lenyn Sosa (TOR) [previous],,,,,,,
Rowdy Tellez,ATL,tellero01,642133,matched_latest,642133,Rowdy Tellez (ATL) [latest],,,,,,,
Kahlil Watson,CLE,watsoka01,696135,matched_latest,696135,Kahlil Watson (CLE) [latest],,,,,,,
Carson Williams,TBR,willica02,700246,matched_latest,700246,Carson Williams (TB) [latest],,,,,,,
Will Wilson,SEA,wilsowi03,669717,matched_latest,669717,Will Wilson (SEA) [latest],,,,,,,
Patrick Wisdom,SEA,wisdopa01,621550,matched_latest,621550,Patrick Wisdom (SEA) [latest],,,,,,,
Austin Wynns,ATHATLTEX,wynnsau01,642851,matched_latest,642851,Austin Wynns (CHC) [latest],,,,,,,
Nick Yorke,PIT,yorkeni01,694377,matched_latest,694377,Nick Yorke (PIT) [latest],,,,,,,
Eliezer Alfonzo,LAD,alfonel02,,unmatched_review,,,,,,,,,
Edwin Arroyo,CIN,arroyed01,695490,matched_latest,695490,Edwin Arroyo (CIN) [latest],,,,,,,
Aaron Ashby,MIL,ashbyaa01,676879,matched_latest,676879,Aaron Ashby (MIL) [latest],,,,,,,
Javier Assad,CHC,assadja01,665871,matched_latest,665871,Javier Assad (CHC) [latest],,,,,,,
José Azócar,ATL,azocajo01,640492,matched_latest,640492,Jose Azocar (ATL) [latest],,,,,,,
Jihwan Bae,MIL,baeji01,678225,matched_latest,678225,Jihwan Bae (MIL) [latest],,,,,,,
Bryan Baker,TBR,bakerbr01,641329,matched_latest,641329,Bryan Baker (TB) [latest],,,,,,,
Luken Baker,ARI,bakerlu01,663609,matched_latest,663609,Luken Baker (ARI) [latest],,,,,,,
Scott Bandura,SFG,bandusc01,,unmatched_review,,,,,,,,,
Will Banfield,CIN,banfiwi01,677943,matched_latest,677943,Will Banfield (CIN) [latest],,,,,,,
Addison Barger,TOR,bargead01,680718,matched_latest,680718,Addison Barger (TOR) [latest],,,,,,,
David Bednar,NYY,bednada01,670280,matched_latest,670280,David Bednar (NYY) [latest],,,,,,,
Clayton Beeter,WSN,beetecl01,690925,matched_latest,690925,Clayton Beeter (WSH) [latest],,,,,,,
Steward Berroa,PHI,berrost01,672642,matched_latest,672642,Steward Berroa (PHI) [latest],,,,,,,
Jake Bird,NYYWSN,birdja01,656234,matched_latest,656234,Jake Bird (WSH) [latest],,,,,,,
Tyler Black,MIL,blackty01,672012,matched_latest,672012,Tyler Black (MIL) [latest],,,,,,,
Paul Blackburn,NYY,blackpa01,621112,matched_latest,621112,Paul Blackburn (NYY) [latest],,,,,,,
Ryan Bliss,SEA,blissry01,669208,matched_latest,669208,Ryan Bliss (SEA) [latest],,,,,,,
Kyle Bradish,BAL,bradiky01,680694,matched_latest,680694,Kyle Bradish (BAL) [latest],,,,,,,
Jack Brannigan,PIT,brannja01,,unmatched_review,,,,,,,,,
Will Brennan,SFG,brennwi02,686823,matched_latest,686823,Will Brennan (SF) [latest],,,,,,,
Jonah Bride,TEX,bridejo01,681146,recovered_previous,681146,Jonah Bride (TEX) [previous],,,,,,,
Vidal Bruján,NYM,brujavi01,660644,matched_latest,660644,Vidal Brujan (NYM) [latest],,,,,,,
Oswaldo Cabrera,CINNYY,cabreos01,665828,matched_latest,665828,Oswaldo Cabrera (CIN) [latest],,,,,,,
Jair Camargo,ATL,camarja01,665856,matched_latest,665856,Jair Camargo (ATL) [latest],,,,,,,
Gustavo Campero,LAA,campegu01,672569,matched_latest,672569,Gustavo Campero (LAA) [latest],,,,,,,
Jeimer Candelario,LAA,candeje01,600869,matched_latest,600869,Jeimer Candelario (LAA) [latest],,,,,,,
Dylan Carlson,CHC,carlsdy01,666185,matched_latest,666185,Dylan Carlson (PHI) [latest],,,,,,,
Blas Castaño,COL,castabl01,680604,matched_latest,680604,Blas Castano (COL) [latest],,,,,,,
Aroldis Chapman,BOS,chapmar01,547973,matched_latest,547973,Aroldis Chapman (BOS) [latest],,,,,,,
Tsung-Che Cheng,BOS,chengts01,691907,matched_latest,691907,Tsung-Che Cheng (BOS) [latest],,,,,,,
Aaron Civale,ATHCHC,civalaa01,650644,matched_latest,650644,Aaron Civale (CHC) [latest],,,,,,,
Denzel Clarke,ATH,clarkde02,672016,matched_latest,672016,Denzel Clarke (ATH) [latest],,,,,,,
Taylor Clarke,ARI,clarkta01,664199,matched_latest,664199,Taylor Clarke (ARI) [latest],,,,,,,
Billy Cook,PIT,cookbi01,695257,matched_latest,695257,Billy Cook (PIT) [latest],,,,,,,
Trei Cruz,DET,cruztr01,669360,matched_latest,669360,Trei Cruz (DET) [latest],,,,,,,
Fernando Cruz,NYY,cruzfe01,518585,matched_latest,518585,Fernando Cruz (NYY) [latest],,,,,,,
Bo Davidson,SFG,davidbo02,815589,matched_latest,815589,Bo Davidson (SF) [latest],,,,,,,
Justin Dean,CHC,deanju01,681909,matched_latest,681909,Justin Dean (CHC) [latest],,,,,,,
Deyvison De Los Santos,MIA,delosde01,691277,matched_latest,691277,Deyvison De Los Santos (MIA) [latest],,,,,,,
Jack Dreyer,LAD,dreyeja01,676263,matched_latest,676263,Jack Dreyer (LAD) [latest],,,,,,,
Oliver Dunn,TBR,dunnol01,686554,matched_latest,686554,Oliver Dunn (TB) [latest],,,,,,,
Jhoan Duran,PHI,duranjh01,661395,matched_latest,661395,Jhoan Duran (PHI) [latest],,,,,,,
Brandon Eisert,CHWPIT,eiserbr01,685126,matched_latest,685126,Brandon Eisert (PIT) [latest],,,,,,,
Jerar Encarnacion,SFG,encarje01,666464,manually_confirmed_user,666464,Jerar Encarnacion (SFG) [user-provided],,,,,,,
Lucas Erceg,KCR,erceglu01,668674,matched_latest,668674,Lucas Erceg (KC) [latest],,,,,,,
J.C. Escarra,NYY,escarjc01,641555,matched_latest,641555,J.C. Escarra (NYY) [latest],,,,,,,
Carlos Estévez,KCR,estevca01,608032,matched_latest,608032,Carlos Estevez (KC) [latest],,,,,,,
Pete Fairbanks,MIA,fairbpe01,664126,matched_latest,664126,Pete Fairbanks (MIA) [latest],,,,,,,
Stuart Fairchild,CLESEA,faircst01,656413,matched_latest,656413,Stuart Fairchild (SEA) [latest],,,,,,,
Kyle Farmer,ATL,farmeky01,571657,matched_latest,571657,Kyle Farmer (ATL) [latest],,,,,,,
Kyler Fedko,MIN,fedkoky01,693459,matched_latest,693459,Kyler Fedko (PIT) [latest],,,,,,,
Christian Franklin,BAL,frankch02,681047,matched_latest,681047,Christian Franklin (BAL) [latest],,,,,,,
Nick Frasso,COL,frassni01,693308,matched_latest,693308,Nick Frasso (COL) [latest],,,,,,,
Didier Fuentes,ATL,fuentdi01,800311,matched_latest,800311,Didier Fuentes (ATL) [latest],,,,,,,
Nate Furman,SFG,furmana01,801501,matched_latest,801501,Nate Furman (SF) [latest],,,,,,,
Brandyn Garcia,ARI,garcibr02,805299,matched_latest,805299,Brandyn Garcia (ARI) [latest],,,,,,,
Jhostynxon García,PIT,garcijh01,691373,matched_latest,691373,Jhostynxon Garcia (PIT) [latest],,,,,,,
Rico Garcia,BAL,garciri01,670329,matched_latest,670329,Rico Garcia (BAL) [latest],,,,,,,
José Barrero,BAL,garcijo02,676480,matched_latest,676480,Jose Barrero (BAL) [latest],,,,,,,
Cade Gibson,MIA,gibsoca01,806188,matched_latest,806188,Cade Gibson (MIA) [latest],,,,,,,
J.T. Ginn,ATH,ginnjt01,669372,matched_latest,669372,J.T. Ginn (ATH) [latest],,,,,,,
Gabriel González,MIN,gonzaga03,694224,matched_latest,694224,Gabriel Gonzalez (MIN) [latest],,,,,,,
Josh Hader,HOU,haderjo01,623352,matched_latest,623352,Josh Hader (HOU) [latest],,,,,,,
Sam Haggerty,TEX,haggesa01,664059,recovered_previous,664059,Sam Haggerty (CIN) [previous],,,,,,,
DL Hall,MIL,halldl01,669084,matched_latest,669084,DL Hall (MIL) [latest],,,,,,,
Maverick Handley,BAL,handlma01,668974,matched_latest,668974,Maverick Handley (ATL) [latest],,,,,,,
Dustin Harris,CHWHOUSDP,harridu01,687957,matched_latest,687957,Dustin Harris (SD) [latest],,,,,,,
Brett Harris,ATHBOSSFG,harribr02,695391,matched_latest,695391,Brett Harris (SF) [latest],,,,,,,
Edgardo Henriquez,LAD,henried01,683618,matched_latest,683618,Edgardo Henriquez (LAD) [latest],,,,,,,
Sam Hentges,SFG,hentgsa01,656529,matched_latest,656529,Sam Hentges (SF) [latest],,,,,,,
Jimmy Herget,COL,hergeji01,623474,matched_latest,623474,Jimmy Herget (COL) [latest],,,,,,,
Brewer Hicklen,ATL,hicklbr01,676551,matched_latest,676551,Brewer Hicklen (ATL) [latest],,,,,,,
P.J. Higgins,CIN,higgipj01,664731,recovered_previous,664731,P.J. Higgins (CIN) [previous],,,,,,,
Jaden Hill,COL,hillja01,677955,matched_latest,677955,Jaden Hill (COL) [latest],,,,,,,
Rece Hinds,BALCINMIA,hindsre01,677956,matched_latest,677956,Rece Hinds (BAL) [latest],,,,,,,
Sam Huff,BAL,huffsa01,669087,recovered_previous,669087,Sam Huff (BAL) [previous],,,,,,,
Blake Hunt,SDP,huntbl01,675448,recovered_previous,675448,Blake Hunt (SD) [previous],,,,,,,
Brant Hurter,DET,hurtebr01,676428,matched_latest,676428,Brant Hurter (DET) [latest],,,,,,,
Andy Ibáñez,ATHNYM,ibanean01,628451,matched_latest,628451,Andy Ibanez (SEA) [latest],,,,,,,
Raisel Iglesias,ATL,iglesra01,628452,matched_latest,628452,Raisel Iglesias (ATL) [latest],,,,,,,
Cooper Ingle,CLE,ingleco01,694876,matched_latest,694876,Cooper Ingle (CLE) [latest],,,,,,,
Kenley Jansen,DET,janseke01,445276,matched_latest,445276,Kenley Jansen (DET) [latest],,,,,,,
Eloy Jiménez,TOR,jimenel02,650391,matched_latest,650391,Eloy Jimenez (TOR) [latest],,,,,,,
Ivan Johnson,CIN,johnsiv01,,unmatched_review,,,,,,,,,
Bryce Johnson,SDP,johnsbr03,669369,matched_latest,669369,Bryce Johnson (SD) [latest],,,,,,,
Daniel Johnson,HOU,johnsda07,669288,matched_latest,669288,Daniel Johnson (HOU) [latest],,,,,,,
Greg Jones,MIL,jonesgr02,675659,matched_latest,675659,Greg Jones (CHC) [latest],,,,,,,
Corey Julks,DET,julksco01,667452,matched_latest,667452,Corey Julks (DET) [latest],,,,,,,
Jace Jung,DET,jungja01,690291,matched_latest,690291,Jace Jung (DET) [latest],,,,,,,
DaShawn Keirsey Jr.,ATL,keirsda01,680577,matched_latest,680577,DaShawn Keirsey Jr. (ATL) [latest],,,,,,,
Merrill Kelly,ARI,kellyme01,518876,matched_latest,518876,Merrill Kelly (ARI) [latest],,,,,,,
Otto Kemp,PHI,kempot01,805249,matched_latest,805249,Otto Kemp (PHI) [latest],,,,,,,
William Kempner,MIA,kempnwi01,,unmatched_review,,,,,,,,,
Buddy Kennedy,SEASFG,kennebu01,671083,recovered_previous,671083,Buddy Kennedy (SEA) [previous],,,,,,,
Zak Kent,MINWSN,kentza01,687849,matched_latest,687849,Zak Kent (WSH) [latest],,,,,,,
Orion Kerkering,PHI,kerkeor01,689147,matched_latest,689147,Orion Kerkering (PHI) [latest],,,,,,,
Ha-Seong Kim,ATL,kimha01,673490,matched_latest,673490,Ha-Seong Kim (ATL) [latest],,,,,,,
Scott Kingery,CHC,kingesc01,664068,matched_latest,664068,Scott Kingery (CHC) [latest],,,,,,,
Tyler Kinley,ATLDET,kinlety01,641755,matched_latest,641755,Tyler Kinley (DET) [latest],,,,,,,
Heston Kjerstad,BAL,kjershe01,677008,matched_latest,677008,Heston Kjerstad (BAL) [latest],,,,,,,
Alex Lange,KCR,langeal01,656638,matched_latest,656638,Alex Lange (KC) [latest],,,,,,,
Jacob Latz,TEX,latzja01,656641,matched_latest,656641,Jacob Latz (TEX) [latest],,,,,,,
Sandy León,ATL,leonsa01,506702,matched_latest,506702,Sandy Leon (ATL) [latest],,,,,,,
Eddys Leonard,SFG,leonaed01,678760,matched_latest,678760,Eddys Leonard (SF) [latest],,,,,,,
Jonathan Loáisiga,ARI,loaisjo01,642528,matched_latest,642528,Jonathan Loaisiga (ARI) [latest],,,,,,,
Brandon Lockridge,MIL,lockrbr01,663604,matched_latest,663604,Brandon Lockridge (MIL) [latest],,,,,,,
Reynaldo López,ATL,lopezre01,625643,matched_latest,625643,Reynaldo Lopez (ATL) [latest],,,,,,,
Brad Lord,WSN,lordbr02,695418,matched_latest,695418,Brad Lord (WSH) [latest],,,,,,,
Matthew Lugo,KCR,lugoma01,683090,matched_latest,683090,Matthew Lugo (KC) [latest],,,,,,,
Vimael Machín,COL,machivi01,605353,matched_latest,605353,Vimael Machin (COL) [latest],,,,,,,
Nick Madrigal,LAATBR,madrini01,663611,matched_latest,663611,Nick Madrigal (TB) [latest],,,,,,,
Trey Mancini,LAA,mancitr01,,unmatched_review,,,,,,,,,
Rudy Martin,TOR,martiru02,,unmatched_review,,,,,,,,,
Omar Martínez,LAA,martiom01,,unmatched_review,,,,,,,,,
Miles Mastrobuoni,SEA,mastrmi01,670156,matched_latest,670156,Miles Mastrobuoni (SEA) [latest],,,,,,,
Luis Matos,MIL,matoslu02,682641,manually_confirmed_user,682641,Luis Matos (MIL) [user-provided],,,,,,,
Reese McGuire,CHW,mcguire01,624512,recovered_previous,624512,Reese McGuire (FA) [previous],,,,,,,
Parker Meadows,DET,meadopa01,678009,matched_latest,678009,Parker Meadows (DET) [latest],,,,,,,
Víctor Mederos,ATL,medervi01,682989,matched_latest,682989,Victor Mederos (ATL) [latest],,,,,,,
Trevor Megill,MIL,megiltr01,656730,matched_latest,656730,Trevor Megill (MIL) [latest],,,,,,,
Joey Meneses,ATH,menesjo01,608841,recovered_previous,608841,Joey Meneses (ATH) [previous],,,,,,,
Miles Mikolas,WSN,mikolmi01,571945,recovered_previous,571945,Miles Mikolas (WSH) [previous],,,,,,,
Owen Miller,CHC,milleow01,680911,recovered_previous,680911,Owen Miller (CHC) [previous],,,,,,,
Kameron Misner,KCR,misneka01,670224,matched_latest,670224,Kameron Misner (PHI) [latest],,,,,,,
Jordan Montgomery,TEX,montgjo01,656756,matched_latest,656756,Jordan Montgomery (TEX) [latest],,,,,,,
Dylan Moore,PHI,mooredy01,664238,matched_latest,664238,Dylan Moore (PHI) [latest],,,,,,,
Nick Morabito,NYM,morabni01,,unmatched_review,,,,,,,,,
Ryan Mountcastle,BAL,mountry01,663624,matched_latest,663624,Ryan Mountcastle (BAL) [latest],,,,,,,
Owen Murphy,ATL,murphow01,702566,matched_latest,702566,Owen Murphy (ATL) [latest],,,,,,,
B.J. Murray,CHC,murrabj01,,unmatched_review,,,,,,,,,
Rikuu Nishida,CHW,nishiri01,807747,matched_latest,807747,Rikuu Nishida (CHW) [latest],,,,,,,
Riley O'Brien,STL,obrieri01,676617,matched_latest,676617,Riley O’Brien (STL) [latest],,,,,,,
Jared Oliva,SFG,olivaja01,666931,recovered_previous,666931,Jared Oliva (FA) [previous],,,,,,,
Jonathan Ornelas,ATHMIL,orneljo01,680716,matched_latest,680716,Jonathan Ornelas (MIL) [latest],,,,,,,
Cristian Pache,NYM,pachecr01,665506,matched_latest,665506,Cristian Pache (NYM) [latest],,,,,,,
Daniel Palencia,CHC,palenda01,694037,matched_latest,694037,Daniel Palencia (CHC) [latest],,,,,,,
Kyren Paris,LAA,parisky01,677347,matched_latest,677347,Kyren Paris (LAA) [latest],,,,,,,
Chad Patrick,MIL,patrich01,694477,matched_latest,694477,Chad Patrick (MIL) [latest],,,,,,,
Nate Pearson,HOUKCR,pearsna01,663878,matched_latest,663878,Nate Pearson (KC) [latest],,,,,,,
John Peck,DET,peckjo01,807726,matched_latest,807726,John Peck (DET) [latest],,,,,,,
Wandy Peralta,SDP,peralwa01,593974,matched_latest,593974,Wandy Peralta (SD) [latest],,,,,,,
Jack Perkins,ATH,perkija01,678022,matched_latest,678022,Jack Perkins (ATH) [latest],,,,,,,
Logan Porter,LAASFG,portelo01,682515,matched_latest,682515,Logan Porter (LAA) [latest],,,,,,,
Collin Price,HOU,priceco01,805672,matched_latest,805672,Collin Price (HOU) [latest],,,,,,,
César Prieto,STL,prietce01,693409,matched_latest,693409,Cesar Prieto (STL) [latest],,,,,,,
Jeferson Quero,MIL,queroje01,691620,matched_latest,691620,Jeferson Quero (MIL) [latest],,,,,,,
Orlando Ribalta,WSN,ribalor01,687377,matched_latest,687377,Orlando Ribalta (WSH) [latest],,,,,,,
Trevor Richards,CHWPHI,richatr01,670950,matched_latest,670950,Trevor Richards (CHW) [latest],,,,,,,
JR Ritchie,ATL,ritchjr01,702275,matched_latest,702275,JR Ritchie (ATL) [latest],,,,,,,
Ryan Ritter,COL,rittery01,690022,matched_latest,690022,Ryan Ritter (COL) [latest],,,,,,,
Leo Rivas,SEA,rivasle01,660844,matched_latest,660844,Leo Rivas (SEA) [latest],,,,,,,
Sebastián Rivero,LAA,riverse01,665861,matched_latest,665861,Sebastian Rivero (LAA) [latest],,,,,,,
Chuckie Robinson,LAD,robinch04,642020,matched_latest,642020,Chuckie Robinson (ATL) [latest],,,,,,,
Víctor Robles,SEA,roblevi01,645302,matched_latest,645302,Victor Robles (SEA) [latest],,,,,,,
Brock Rodden,SEA,roddebr01,,unmatched_review,,,,,,,,,
Johnathan Rodríguez,BAL,rodrijo10,671286,matched_latest,671286,Johnathan Rodriguez (ATH) [latest],,,,,,,
Ryan Rolison,CHC,rolisry01,669020,matched_latest,669020,Ryan Rolison (CHC) [latest],,,,,,,
Ben Rortvedt,LAD,rortvbe01,666163,matched_latest,666163,Ben Rortvedt (LAD) [latest],,,,,,,
Ben Ross,MIN,rossbe01,,unmatched_review,,,,,,,,,
Aaron Sabato,MIN,sabataa01,,unmatched_review,,,,,,,,,
Erik Sabrowski,CLE,sabroer01,681870,matched_latest,681870,Erik Sabrowski (CLE) [latest],,,,,,,
César Salazar,HOU,salazce01,663967,matched_latest,663967,Cesar Salazar (HOU) [latest],,,,,,,
Carlos Santana,ARI,santaca01,467793,recovered_previous,467793,Carlos Santana (ATL) [previous],,,,,,,
Paxton Schultz,WSN,schulpa01,687606,matched_latest,687606,Paxton Schultz (WSH) [latest],,,,,,,
Connor Seabold,DETKCRTOR,seaboco01,657756,matched_latest,657756,Connor Seabold (KC) [latest],,,,,,,
Kodai Senga,NYM,sengako01,673540,matched_latest,673540,Kodai Senga (NYM) [latest],,,,,,,
Antonio Senzatela,COLMIL,senzaan01,622608,matched_latest,622608,Antonio Senzatela (MIL) [latest],,,,,,,
Jared Serna,MIA,sernaja01,691858,matched_latest,691858,Jared Serna (MIA) [latest],,,,,,,
Zack Short,DETNYM,shortza01,670097,recovered_previous,670097,Zack Short (FA) [previous],,,,,,,
Chase Shugart,PHI,shugach01,663767,matched_latest,663767,Chase Shugart (PHI) [latest],,,,,,,
Michael Siani,BAL,sianimi01,672279,matched_latest,672279,Michael Siani (DET) [latest],,,,,,,
Chandler Simpson,TBR,simpsch01,802415,matched_latest,802415,Chandler Simpson (TB) [latest],,,,,,,
Austin Slater,MIANYMTBR,slateau01,596103,matched_latest,596103,Austin Slater (TB) [latest],,,,,,,
Cade Smith,CLE,smithca06,671922,matched_latest,671922,Cade Smith (CLE) [latest],,,,,,,
Dylan Smith,SFG,smithdy01,681916,matched_latest,681916,Dylan Smith (SF) [latest],,,,,,,
Nick Solak,SDP,solakni01,669256,matched_latest,669256,Nick Solak (SD) [latest],,,,,,,
George Soriano,STL,soriage01,666277,matched_latest,666277,George Soriano (STL) [latest],,,,,,,
Gabe Speier,SEA,speiega01,642100,matched_latest,642100,Gabe Speier (SEA) [latest],,,,,,,
Ryne Stanek,STL,stanery01,592773,matched_latest,592773,Ryne Stanek (STL) [latest],,,,,,,
Michael Stefanic,ATH,stefami01,683021,matched_latest,683021,Michael Stefanic (ATH) [latest],,,,,,,
Chad Stevens,COL,stevech02,677060,matched_latest,677060,Chad Stevens (COL) [latest],,,,,,,
Garrett Stubbs,PHI,stubbga01,596117,matched_latest,596117,Garrett Stubbs (PHI) [latest],,,,,,,
Robert Suarez,ATL,suarero01,663158,matched_latest,663158,Robert Suarez (ATL) [latest],,,,,,,
Bryce Teodosio,LAA,teodobr01,669326,matched_latest,669326,Bryce Teodosio (LAA) [latest],,,,,,,
Caleb Thielbar,CHC,thielca01,573204,matched_latest,573204,Caleb Thielbar (CHC) [latest],,,,,,,
Trent Thornton,CHC,thorntr01,663423,matched_latest,663423,Trent Thornton (CHC) [latest],,,,,,,
Michael Toglia,CIN,toglimi01,669911,matched_latest,669911,Michael Toglia (SEA) [latest],,,,,,,
James Triantos,CHC,trianja01,701649,matched_latest,701649,James Triantos (CHC) [latest],,,,,,,
Chadwick Tromp,ATLBAL,trompch01,644433,matched_latest,644433,Chadwick Tromp (LAD) [latest],,,,,,,
Abner Uribe,MIL,uribeab01,682842,matched_latest,682842,Abner Uribe (MIL) [latest],,,,,,,
George Valera,CLE,valerge01,671655,matched_latest,671655,George Valera (CLE) [latest],,,,,,,
Ricky Vanasco,DET,vanasri01,676568,matched_latest,676568,Ricky Vanasco (ATL) [latest],,,,,,,
Gus Varland,WSN,varlagu01,681402,matched_latest,681402,Gus Varland (WSH) [latest],,,,,,,
Randy Vásquez,SDP,vasqura02,681190,matched_latest,681190,Randy Vasquez (SD) [latest],,,,,,,
Luis Vázquez,BAL,vazqulu01,676679,matched_latest,676679,Luis Vazquez (BAL) [latest],,,,,,,
Andrew Velazquez,KCR,velazan01,623205,recovered_previous,623205,Andrew Velazquez (ARI) [previous],,,,,,,
Alex Vesia,LAD,vesiaal01,681911,matched_latest,681911,Alex Vesia (LAD) [latest],,,,,,,
Will Vest,DET,vestwi01,676684,matched_latest,676684,Will Vest (DET) [latest],,,,,,,
Victor Vodnik,COLMIA,vodnivi01,680767,matched_latest,680767,Victor Vodnik (MIA) [latest],,,,,,,
Will Wagner,SDP,wagnewi01,695238,matched_latest,695238,Will Wagner (SD) [latest],,,,,,,
Jacob Waguespack,DET,wagueja01,621097,matched_latest,621097,Jacob Waguespack (DET) [latest],,,,,,,
Austin Warren,NYM,warreau01,681810,matched_latest,681810,Austin Warren (NYM) [latest],,,,,,,
Luke Weaver,NYMPIT,weavelu01,596133,matched_latest,596133,Luke Weaver (PIT) [latest],,,,,,,
Jacob Webb,CHC,webbja01,657097,matched_latest,657097,Jacob Webb (CHC) [latest],,,,,,,
Davis Wendzel,PIT,wendzda01,,unmatched_review,,,,,,,,,
Garrett Whitlock,BOS,whitlga01,676477,matched_latest,676477,Garrett Whitlock (BOS) [latest],,,,,,,
Jordan Wicks,CHC,wicksjo01,696136,matched_latest,696136,Jordan Wicks (CHC) [latest],,,,,,,
Luke Williams,ATL,willilu01,663897,matched_latest,663897,Luke Williams (ATL) [latest],,,,,,,
Devin Williams,NYM,willide03,642207,matched_latest,642207,Devin Williams (NYM) [latest],,,,,,,
Keaton Winn,SFG,winnke01,676775,matched_latest,676775,Keaton Winn (SF) [latest],,,,,,,
Justin Verlander,,,434378,missing_BBRefID,,,Justin Verlander,DET,SP,SP,8700,8700,Razzball only
Max Scherzer,TOR,scherma01,453286,Pitching Unique normalized name,,,Max Scherzer,TOR,SP,SP,3137,3137,Razzball only
Cory Rasmus,,,474284,missing_BBRefID,,,Cory Rasmus,TB,P,P,2413,,Razzball only
Kirby Yates,LAAPIT,yateski01,489446,Pitching Unique normalized name,,,Kirby Yates,PIT,RP,RP,9073,9073,Razzball only
Jose Quintana,COL,quintjo01,500779,Pitching Unique normalized name,,,Jose Quintana,COL,SP,SP,11423,11423,Razzball only
Yu Darvish,,,506433,missing_BBRefID,,,Yu Darvish,SD,SP,SP,13074,13074,Razzball only
Craig Kimbrel,KCRNYMTBR,kimbrcr01,518886,Pitching Unique normalized name,,,Craig Kimbrel,KC,RP,RP,6655,6655,Razzball only
Drew Pomeranz,CHCLAA,pomerdr01,519141,Pitching Unique normalized name,,,Drew Pomeranz,CHC,RP,RP,11426,11426,Razzball only
Chris Sale,ATL,salech01,519242,Pitching Unique normalized name,,,Chris Sale,ATL,SP,SP,10603,10603,Razzball only
Evan Scribner,,,519267,missing_BBRefID,,,Evan Scribner,TB,P,P,7525,,Razzball only
Hunter Strickland,,,519326,missing_BBRefID,,,Hunter Strickland,LAA,RP,RP,7836,7836,Razzball only
Liam Hendriks,,,521230,missing_BBRefID,,,Liam Hendriks,CHC,RP,RP,3548,3548,Razzball only
Martin Perez,ATL,perezma02,527048,Pitching Unique normalized name,,,Martin Perez,ATL,SP,SP,6902,6902,Razzball only
Jesse Hahn,,,534910,missing_BBRefID,,,Jesse Hahn,TOR,RP,RP,13287,13287,Razzball only
Christian Bethancourt,,,542194,missing_BBRefID,,,Christian Bethancourt,PIT,C,C,10028,10028,Razzball only
Carlos Perez,,,542208,missing_BBRefID,,,Carlos Perez,DET,1B,1B,10642,10642,Razzball only
Shawn Armstrong,CLE,armstsh01,542888,Pitching Unique normalized name,,,Shawn Armstrong,CLE,RP,RP,12857,12857,Razzball only
Gerrit Cole,NYY,colege01,543037,Pitching Unique normalized name,,,Gerrit Cole,NYY,SP,SP,13125,13125,Razzball only
Nathan Eovaldi,TEX,eovalna01,543135,Pitching Unique normalized name,,,Nathan Eovaldi,TEX,SP,SP,9132,9132,Razzball only
Anthony Gose,,,543238,missing_BBRefID,,,Anthony Gose,KC,RP,RP,5097,5097,Razzball only
Sonny Gray,BOS,grayso01,543243,Pitching Unique normalized name,,,Sonny Gray,BOS,SP,SP,12768,12768,Razzball only
Austin Nola,,,543592,missing_BBRefID,,,Austin Nola,ATL,C,C,15941,15941,Razzball only
Anthony Rendon,,,543685,missing_BBRefID,,,Anthony Rendon,LAA,3B,3B,12861,12861,Razzball only
Bryan Shaw,,,543766,missing_BBRefID,,,Bryan Shaw,SEA,RP,RP,8110,8110,Razzball only
Albert Suarez,BAL,suareal01,544150,Pitching Unique normalized name,,,Albert Suarez,BAL,RP,RP,544150,6175,Razzball only
Tyler Lyons,,,544928,missing_BBRefID,,,Tyler Lyons,NYY,P,P,11334,,Razzball only
Brooks Raley,NYMPHI,raleybr01,548384,Pitching Unique normalized name,,,Brooks Raley,PHI,RP,RP,548384,10061,Razzball only
Andrew Kittredge,BAL,kittran01,552640,Pitching Unique normalized name,,,Andrew Kittredge,BAL,RP,RP,12828,12828,Razzball only
Yimi Garcia,,,554340,missing_BBRefID,,,Yimi Garcia,TOR,RP,RP,12095,12095,Razzball only
Zack Wheeler,PHI,wheelza01,554430,Pitching Unique normalized name,,,Zack Wheeler,PHI,SP,SP,10310,10310,Razzball only
Yolmer Sanchez,,,570560,missing_BBRefID,,,Yolmer Sanchez,LAA,OF,OF,11602,11602,Razzball only
Matthew Boyd,CHC,boydma01,571510,Pitching Unique normalized name,,,Matthew Boyd,CHC,SP,SP,15440,15440,Razzball only
Patrick Corbin,TOR,corbipa01,571578,Pitching Unique normalized name,,,Patrick Corbin,TOR,SP,SP,9323,9323,Razzball only
Derek Law,,,571882,missing_BBRefID,,,Derek Law,ARI,SP,SP,13133,13133,Razzball only
Steven Matz,TBR,matzst01,571927,Pitching Unique normalized name,,,Steven Matz,TB,SP,SP,13361,13361,Razzball only
Shelby Miller,,,571946,missing_BBRefID,,,Shelby Miller,CHC,RP,RP,10197,10197,Razzball only
Hoby Milner,CHCSEA,milneho01,571948,Pitching Unique normalized name,,,Hoby Milner,SEA,RP,RP,571948,13346,Razzball only
Burch Smith,DET,smithbu03,572143,Pitching Unique normalized name,,,Burch Smith,DET,RP,RP,572143,12784,Razzball only
Pierce Johnson,CIN,johnspi01,572955,Pitching Unique normalized name,,,Pierce Johnson,CIN,RP,RP,13435,13435,Razzball only
Dallas Keuchel,,,572971,missing_BBRefID,,,Dallas Keuchel,ATH,SP,SP,9434,9434,Razzball only
Taylor Rogers,MIN,rogerta01,573124,Pitching Unique normalized name,,,Taylor Rogers,MIN,RP,RP,13449,13449,Razzball only
Yusei Kikuchi,LAA,kikucyu01,579328,Pitching Unique normalized name,,,Yusei Kikuchi,LAA,SP,SP,579328,20633,Razzball only
Jason Adam,SDP,adamja01,592094,Pitching Unique normalized name,,,Jason Adam,SD,RP,RP,592094,11861,Razzball only
Tyler Austin,,,592122,missing_BBRefID,,,Tyler Austin,CHC,1B,1B,592122,11850,Razzball only
Cam Booser,TBR,booseca01,592155,Pitching Unique normalized name,,,Cam Booser,TB,RP,RP,592155,16061,Razzball only
Kris Bryant,,,592178,missing_BBRefID,,,Kris Bryant,COL,DH,DH,15429,15429,Razzball only
Dylan Covey,,,592229,missing_BBRefID,,,Dylan Covey,ATL,RP,RP,592229,14825,Razzball only
Kent Emanuel,,,592288,missing_BBRefID,,,Kent Emanuel,CIN,SP,SP,592288,15849,Razzball only
Kevin Gausman,CHCTOR,gausmke01,592332,Pitching Unique normalized name,,,Kevin Gausman,CHC,SP,SP,14107,14107,Razzball only
Tommy Kahnle,,,592454,missing_BBRefID,,,Tommy Kahnle,BOS,RP,RP,11384,11384,Razzball only
Robbie Ray,SDPSFG,rayro02,592662,Pitching Unique normalized name,,,Robbie Ray,SD,SP,SP,11486,11486,Razzball only
Chasen Shreve,,,592741,missing_BBRefID,,,Chasen Shreve,ATL,RP,RP,10855,10855,Razzball only
Brock Stewart,LAD,stewabr01,592779,Pitching Unique normalized name,,,Brock Stewart,LAD,RP,RP,16727,16727,Razzball only
Jameson Taillon,CHCTOR,taillja01,592791,Pitching Unique normalized name,,,Jameson Taillon,TOR,SP,SP,11674,11674,Razzball only
Vince Velasquez,,,592826,missing_BBRefID,,,Vince Velasquez,KC,RP,RP,11189,11189,Razzball only
Rowan Wick,,,592858,missing_BBRefID,,,Rowan Wick,SF,RP,RP,592858,14646,Razzball only
Trevor Williams,TEXWSN,willitr01,592866,Pitching Unique normalized name,,,Trevor Williams,TEX,RP,RP,16977,16977,Razzball only
Eduardo Rodriguez,ARI,rodried05,593958,Pitching Unique normalized name,,,Eduardo Rodriguez,ARI,SP,SP,13164,13164,Razzball only
Tyron Guerrero,BOS,guerrta01,594027,Pitching Unique normalized name,,,Tyron Guerrero,BOS,RP,RP,594027,11691,Razzball only
Jacob deGrom,TEX,degroja01,594798,Pitching Unique normalized name,,,Jacob deGrom,TEX,SP,SP,10954,10954,Razzball only
Ben Lively,,,594902,missing_BBRefID,,,Ben Lively,CLE,SP,SP,594902,14932,Razzball only
Blake Treinen,LAD,treinbl01,595014,Pitching Unique normalized name,,,Blake Treinen,LAD,RP,RP,12572,12572,Razzball only
Steven Okert,HOU,okertst01,595345,Pitching Unique normalized name,,,Steven Okert,HOU,RP,RP,13580,13580,Razzball only
Chad Wallach,,,595453,missing_BBRefID,,,Chad Wallach,ATH,C,C,17161,17161,Razzball only
Jorge Alfaro,,,595751,missing_BBRefID,,,Jorge Alfaro,KC,C,C,12180,12180,Razzball only
Jurickson Profar,,,595777,missing_BBRefID,,,Jurickson Profar,ATL,OF,OF,10815,10815,Razzball only
Nick Burdi,,,595897,missing_BBRefID,,,Nick Burdi,NYM,RP,RP,595897,16074,Razzball only
Jake Cave,,,595909,missing_BBRefID,,,Jake Cave,CHW,OF,OF,14477,14477,Razzball only
John Curtiss,,,595928,missing_BBRefID,,,John Curtiss,ARI,RP,RP,595928,16128,Razzball only
Jakob Junis,TEX,junisja01,596001,Pitching Unique normalized name,,,Jakob Junis,TEX,RP,RP,596001,13619,Razzball only
Robert Stephenson,,,596112,missing_BBRefID,,,Robert Stephenson,LAA,RP,RP,13594,13594,Razzball only
Casey Lawrence,,,596271,missing_BBRefID,,,Casey Lawrence,PHI,SP,SP,596271,11121,Razzball only
Austin Gomber,,,596295,missing_BBRefID,,,Austin Gomber,DET,RP,RP,16561,16561,Razzball only
Nick Pivetta,SDP,pivetni01,601713,Pitching Unique normalized name,,,Nick Pivetta,SD,SP,SP,601713,15454,Razzball only
Chris Bassitt,BAL,bassich01,605135,Pitching Unique normalized name,,,Chris Bassitt,BAL,SP,SP,12304,12304,Razzball only
Ray Black,,,605143,missing_BBRefID,,,Ray Black,MIL,P,P,14244,,Razzball only
John Brebbia,,,605154,missing_BBRefID,,,John Brebbia,BOS,RP,RP,605154,12777,Razzball only
Andrew Chafin,,,605177,missing_BBRefID,,,Andrew Chafin,CIN,RP,RP,12988,12988,Razzball only
Michael Fulmer,LAANYY,fulmemi01,605242,Pitching Unique normalized name,,,Michael Fulmer,NYY,RP,RP,13218,13218,Razzball only
Clay Holmes,CHCNYM,holmecl01,605280,Pitching Unique normalized name,,,Clay Holmes,CHC,SP,SP,605280,13649,Razzball only
Adrian Houser,SFG,housead01,605288,Pitching Unique normalized name,,,Adrian Houser,SF,SP,SP,12718,12718,Razzball only
Brandon Leibrandt,,,605335,missing_BBRefID,,,Brandon Leibrandt,CIN,RP,RP,605335,16135,Razzball only
Andrew McKirahan,,,605374,missing_BBRefID,,,Andrew McKirahan,MIA,P,P,12870,,Razzball only
Joe Musgrove,,,605397,missing_BBRefID,,,Joe Musgrove,SD,SP,SP,12970,12970,Razzball only
Aaron Nola,PHI,nolaaa01,605400,Pitching Unique normalized name,,,Aaron Nola,PHI,SP,SP,16149,16149,Razzball only
Yacksel Rios,,,605441,missing_BBRefID,,,Yacksel Rios,CHC,RP,RP,605441,15007,Razzball only
Jordan Romano,COLLAA,romanjo03,605447,Pitching Unique normalized name,,,Jordan Romano,COL,RP,RP,605447,16122,Razzball only
Joe Ross,,,605452,missing_BBRefID,,,Joe Ross,TEX,RP,RP,605452,12972,Razzball only
Tayler Scott,,,605463,missing_BBRefID,,,Tayler Scott,ATL,RP,RP,605463,13652,Razzball only
Blake Snell,LAD,snellbl01,605483,Pitching Unique normalized name,,,Blake Snell,LAD,SP,SP,13543,13543,Razzball only
Jeffrey Springs,ATH,sprinje01,605488,Pitching Unique normalized name,,,Jeffrey Springs,ATH,SP,SP,605488,17677,Razzball only
Zach Thompson,,,605507,missing_BBRefID,,,Zach Thompson,ATL,RP,RP,605507,16094,Razzball only
Brandon Woodruff,MIL,woodrbr01,605540,Pitching Unique normalized name,,,Brandon Woodruff,MIL,SP,SP,605540,16162,Razzball only
Joel Payamps,,,606303,missing_BBRefID,,,Joel Payamps,ATL,RP,RP,606303,14332,Razzball only
Kyle Hart,SDP,hartky01,606996,Pitching Unique normalized name,,,Kyle Hart,SD,RP,RP,606996,19646,Razzball only
Colin Rea,CHC,reaco01,607067,Pitching Unique normalized name,,,Colin Rea,CHC,SP,SP,12317,12317,Razzball only
Carlos Rodon,NYY,rodonca01,607074,Pitching Unique normalized name,,,Carlos Rodon,NYY,SP,SP,16137,16137,Razzball only
Jordan Weems,,,607179,missing_BBRefID,,,Jordan Weems,LAD,RP,RP,607179,13190,Razzball only
Tyler Glasnow,LAD,glasnty01,607192,Pitching Unique normalized name,,,Tyler Glasnow,LAD,SP,SP,14374,14374,Razzball only
Erick Fedde,CHW,feddeer01,607200,Pitching Unique normalized name,,,Erick Fedde,CHW,SP,SP,607200,17425,Razzball only
Nick Martinez,TBR,martini01,607259,Pitching Unique normalized name,,,Nick Martinez,TB,SP,SP,12730,12730,Razzball only
Anthony Banda,MIN,bandaan01,607455,Pitching Unique normalized name,,,Anthony Banda,MIN,RP,RP,607455,14706,Razzball only
Kyle Freeland,COL,freelky01,607536,Pitching Unique normalized name,,,Kyle Freeland,COL,SP,SP,607536,16256,Razzball only
Seth Lugo,KCR,lugose01,607625,Pitching Unique normalized name,,,Seth Lugo,KC,SP,SP,12447,12447,Razzball only
John Means,,,607644,missing_BBRefID,,,John Means,KC,SP,SP,607644,16269,Razzball only
Andrew Vasquez,,,607755,missing_BBRefID,,,Andrew Vasquez,LAA,RP,RP,607755,19482,Razzball only
Max Fried,NYY,friedma01,608331,Pitching Unique normalized name,,,Max Fried,NYY,SP,SP,608331,13743,Razzball only
Carson Fulmer,,,608334,missing_BBRefID,,,Carson Fulmer,SEA,RP,RP,18311,18311,Razzball only
Lucas Giolito,SDP,giolilu01,608337,Pitching Unique normalized name,,,Lucas Giolito,SD,SP,SP,15474,15474,Razzball only
Tomoyuki Sugano,COL,suganto01,608372,Pitching Unique normalized name,,,Tomoyuki Sugano,COL,SP,SP,608372,35321,Razzball only
Michael Wacha,KCR,wachami01,608379,Pitching Unique normalized name,,,Michael Wacha,KC,SP,SP,14078,14078,Razzball only
German Marquez,SDP,marquge01,608566,Pitching Unique normalized name,,,German Marquez,MIN,SP,SP,15038,15038,Razzball only
Dietrich Enns,BAL,ennsdi01,608650,Pitching Unique normalized name,,,Dietrich Enns,BAL,RP,RP,608650,13932,Razzball only
Brent Suter,ATLLAA,suterbr01,608718,Pitching Unique normalized name,,,Brent Suter,ATL,RP,RP,13942,13942,Razzball only
Miguel Castro,,,612434,missing_BBRefID,,,Miguel Castro,LAA,RP,RP,15684,15684,Razzball only
Cal Quantrill,TEX,quantca01,615698,Pitching Unique normalized name,,,Cal Quantrill,TEX,SP,SP,615698,19312,Razzball only
Jacob Robson,,,615699,missing_BBRefID,,,Jacob Robson,DET,OF,OF,615699,,Razzball only
Richie Martin,,,621006,missing_BBRefID,,,Richie Martin,TEX,SS,SS,621006,17736,Razzball only
Jose Cuas,KCR,cuasjo01,621016,Pitching Unique normalized name,,,Jose Cuas,KC,RP,RP,621016,17701,Razzball only
Kevin Newman,,,621028,missing_BBRefID,,,Kevin Newman,KC,3B,2B/SS/ 3B,621028,17696,Razzball only
Tyler Ferguson,ATHCHC,ferguty01,621053,Pitching Unique normalized name,,,Tyler Ferguson,CHC,RP,RP,621053,19481,Razzball only
Michael Rucker,SEA,ruckemi01,621074,Pitching Unique normalized name,,,Michael Rucker,SEA,RP,RP,621074,19454,Razzball only
Zach Eflin,,,621107,missing_BBRefID,,,Zach Eflin,BAL,SP,SP,13774,13774,Razzball only
Walker Buehler,SDP,buehlwa01,621111,Pitching Unique normalized name,,,Walker Buehler,SD,SP,SP,621111,19374,Razzball only
Brooks Kriske,,,621139,missing_BBRefID,,,Brooks Kriske,ATH,RP,RP,621139,21189,Razzball only
Matt Bowman,,,621199,missing_BBRefID,,,Matt Bowman,MIN,RP,RP,13528,13528,Razzball only
Jose Alvarado,PHI,alvarjo03,621237,Pitching Unique normalized name,,,Jose Alvarado,PHI,RP,RP,621237,17780,Razzball only
Edwin Diaz,LAD,diazed04,621242,Pitching Unique normalized name,,,Edwin Diaz,LAD,RP,RP,14710,14710,Razzball only
Jose Berrios,,,621244,missing_BBRefID,,,Jose Berrios,TOR,SP,SP,14168,14168,Razzball only
Ben Heller,,,621294,missing_BBRefID,,,Ben Heller,CHC,RP,RP,15100,15100,Razzball only
A.J. Minter,MINNYM,minteaj01,621345,Pitching Unique normalized name,,,A.J. Minter,MIN,RP,RP,621345,18655,Razzball only
Ryan Borucki,SFG,borucry01,621366,Pitching Unique normalized name,,,Ryan Borucki,CLE,RP,RP,621366,16350,Razzball only
Tanner Banks,PHI,banksta01,621383,Pitching Unique normalized name,,,Tanner Banks,PHI,RP,RP,621383,16990,Razzball only
Ty Blach,,,621389,missing_BBRefID,,,Ty Blach,CHC,RP,RP,14361,14361,Razzball only
Tomas Nido,,,621512,missing_BBRefID,,,Tomas Nido,BOS,C,C,621512,13755,Razzball only
Alex Young,,,622065,missing_BBRefID,,,Alex Young,WSH,RP,RP,622065,18333,Razzball only
Yency Almonte,,,622075,missing_BBRefID,,,Yency Almonte,LAD,RP,RP,622075,15068,Razzball only
Tejay Antone,CIN,antonte01,622088,Pitching Unique normalized name,,,Tejay Antone,CIN,RP,RP,622088,16233,Razzball only
Drew Smith,,,622098,missing_BBRefID,,,Drew Smith,MIN,RP,RP,622098,17755,Razzball only
Josh Sborz,,,622250,missing_BBRefID,,,Josh Sborz,TEX,RP,RP,622250,18323,Razzball only
Dillon Tate,,,622253,missing_BBRefID,,,Dillon Tate,LAA,RP,RP,622253,17796,Razzball only
Patrick Weigel,,,622256,missing_BBRefID,,,Patrick Weigel,COL,RP,RP,622256,17792,Razzball only
Luis Castillo,CHWSEA,castilu02,622491,Pitching Unique normalized name,,,Luis Castillo,CHW,SP,SP,15689,15689,Razzball only
Seranthony Dominguez,CHWSEA,dominse01,622554,Pitching Unique normalized name,,,Seranthony Dominguez,SEA,RP,RP,622554,19249,Razzball only
Pablo Reyes,,,622569,missing_BBRefID,,,Pablo Reyes,LAA,OF,2B/3B/ OF,622569,16357,Razzball only
Luis Severino,ATH,severlu01,622663,Pitching Unique normalized name,,,Luis Severino,ATH,SP,SP,15890,15890,Razzball only
Angel Perdomo,,,622780,missing_BBRefID,,,Angel Perdomo,LAA,RP,RP,622780,17759,Razzball only
Jesus Tinoco,,,622786,missing_BBRefID,,,Jesus Tinoco,MIA,RP,RP,622786,16300,Razzball only
Paul Sewald,ARITOR,sewalpa01,623149,Pitching Unique normalized name,,,Paul Sewald,TOR,RP,RP,13892,13892,Razzball only
Huascar Brazoban,CHWNYM,brazohu01,623211,Pitching Unique normalized name,,,Huascar Brazoban,CHW,RP,RP,623211,6107,Razzball only
Thomas Pannone,,,623381,missing_BBRefID,,,Thomas Pannone,MIL,SP,SP,623381,17281,Razzball only
Drew Anderson,DET,anderdr02,623454,Pitching Unique normalized name,,,Drew Anderson,DET,SP,SP,623454,15130,Razzball only
Evan Phillips,LAD,phillev01,623465,Pitching Unique normalized name,,,Evan Phillips,LAD,RP,RP,623465,17734,Razzball only
David Bote,,,623520,missing_BBRefID,,,David Bote,LAD,3B,3B,623520,14593,Razzball only
Anthony Santander,,,623993,missing_BBRefID,,,Anthony Santander,TOR,OF,OF,623993,14551,Razzball only
Ranger Suarez,BOS,suarera01,624133,Pitching Unique normalized name,,,Ranger Suarez,BOS,SP,SP,624133,17277,Razzball only
Cavan Biggio,,,624415,missing_BBRefID,,,Cavan Biggio,HOU,OF,1B/2B/ 3B/OF,624415,19252,Razzball only
Dom Nunez,,,624513,missing_BBRefID,,,Dom Nunez,CLE,C,C,15055,15055,Razzball only
Keegan Thompson,,,624522,missing_BBRefID,,,Keegan Thompson,COL,RP,RP,624522,19795,Razzball only
Riley Unroe,,,624523,missing_BBRefID,,,Riley Unroe,HOU,2B,2B,624523,sa737614,Razzball only
Erick Mejia,,,625510,missing_BBRefID,,,Erick Mejia,WSH,3B,3B,625510,15817,Razzball only
Kyle Finnegan,DET,finneky01,640448,Pitching Unique normalized name,,,Kyle Finnegan,DET,RP,RP,640448,15009,Razzball only
Hunter Harvey,,,640451,missing_BBRefID,,,Hunter Harvey,CHC,RP,RP,640451,15507,Razzball only
Matt Krook,,,640454,missing_BBRefID,,,Matt Krook,WSH,RP,RP,640454,19315,Razzball only
Sean Manaea,NYM,manaese01,640455,Pitching Unique normalized name,,,Sean Manaea,NYM,SP,SP,15873,15873,Razzball only
Oscar Mercado,,,640458,missing_BBRefID,,,Oscar Mercado,PHI,OF,OF,640458,16375,Razzball only
A.J. Puk,,,640462,missing_BBRefID,,,A.J. Puk,ARI,RP,RP,640462,19343,Razzball only
Pablo Lopez,,,641154,missing_BBRefID,,,Pablo Lopez,MIN,SP,SP,641154,17085,Razzball only
Tyler Alexander,TEX,alexaty01,641302,Pitching Unique normalized name,,,Tyler Alexander,TEX,RP,RP,641302,17735,Razzball only
Shaun Anderson,LAA,andersh01,641312,Pitching Unique normalized name,,,Shaun Anderson,LAA,RP,RP,641312,19453,Razzball only
Ben Bowden,,,641386,missing_BBRefID,,,Ben Bowden,ATH,RP,RP,641386,20198,Razzball only
Connor Brogdon,CLE,brogdco01,641401,Pitching Unique normalized name,,,Connor Brogdon,CLE,RP,RP,641401,21205,Razzball only
Nestor Cortes,,,641482,missing_BBRefID,,,Nestor Cortes,PHI,RP,RP,641482,17874,Razzball only
Jason Delay,,,641511,missing_BBRefID,,,Jason Delay,BOS,C,C,641511,19806,Razzball only
Dane Dunning,,,641540,missing_BBRefID,,,Dane Dunning,SEA,SP,SP,641540,19409,Razzball only
Trevor Gott,,,641627,missing_BBRefID,,,Trevor Gott,SD,RP,RP,15046,15046,Razzball only
Ian Hamilton,,,641656,missing_BBRefID,,,Ian Hamilton,ATL,RP,RP,641656,19261,Razzball only
Garrett Hampson,,,641658,missing_BBRefID,,,Garrett Hampson,CIN,OF,2B/SS/ OF,641658,19262,Razzball only
Brent Honeywell,,,641703,missing_BBRefID,,,Brent Honeywell,SD,RP,RP,641703,16466,Razzball only
Dakota Hudson,,,641712,missing_BBRefID,,,Dakota Hudson,LAA,RP,RP,641712,19206,Razzball only
Joe Jimenez,,,641729,missing_BBRefID,,,Joe Jimenez,ATL,RP,RP,15761,15761,Razzball only
Rob Kaminsky,,,641739,missing_BBRefID,,,Rob Kaminsky,LAA,RP,RP,641739,15792,Razzball only
Anthony Kay,CHW,kayan01,641743,Pitching Unique normalized name,,,Anthony Kay,CHW,SP,SP,641743,20387,Razzball only
Brad Keller,PHI,kellebr01,641745,Pitching Unique normalized name,,,Brad Keller,PHI,RP,RP,641745,15734,Razzball only
Eric Lauer,LADTOR,lauerer01,641778,Pitching Unique normalized name,,,Eric Lauer,LAD,SP,SP,641778,19316,Razzball only
Tyler Mahle,ATLSFG,mahlety01,641816,Pitching Unique normalized name,,,Tyler Mahle,ATL,SP,SP,641816,16358,Razzball only
Tim Mayza,PHI,mayzati01,641835,Pitching Unique normalized name,,,Tim Mayza,PHI,RP,RP,641835,15042,Razzball only
Keynan Middleton,,,641871,missing_BBRefID,,,Keynan Middleton,LAD,RP,RP,641871,15264,Razzball only
Patrick Murphy,,,641907,missing_BBRefID,,,Patrick Murphy,TEX,RP,RP,641907,19712,Razzball only
Bailey Ober,MIN,oberba01,641927,Pitching Unique normalized name,,,Bailey Ober,MIN,SP,SP,641927,21224,Razzball only
Emilio Pagan,CIN,paganem01,641941,Pitching Unique normalized name,,,Emilio Pagan,CIN,RP,RP,641941,14771,Razzball only
Joshua Palacios,,,641943,missing_BBRefID,,,Joshua Palacios,PIT,OF,OF,641943,19818,Razzball only
Daniel Robert,,,642016,missing_BBRefID,,,Daniel Robert,PHI,RP,RP,642016,21229,Razzball only
Tayler Saucedo,LAA,sauceta01,642048,Pitching Unique normalized name,,,Tayler Saucedo,LAA,RP,RP,642048,17888,Razzball only
Cole Sulser,TBR,sulseco01,642121,Pitching Unique normalized name,,,Cole Sulser,TB,RP,RP,642121,15256,Razzball only
Matt Thaiss,,,642136,missing_BBRefID,,,Matt Thaiss,HOU,C,C,642136,19318,Razzball only
Lou Trivino III,,,642152,missing_BBRefID,,,Lou Trivino III,PHI,RP,RP,642152,15043,Razzball only
Ryan Yarbrough,NYY,yarbrry01,642232,Pitching Unique normalized name,,,Ryan Yarbrough,NYY,SP,SP,642232,16502,Razzball only
Rob Zastryzny,,,642239,missing_BBRefID,,,Rob Zastryzny,MIL,RP,RP,15094,15094,Razzball only
Gregory Soto,PIT,sotogr01,642397,Pitching Unique normalized name,,,Gregory Soto,PIT,RP,RP,642397,19677,Razzball only
Gerson Garabito,,,642520,missing_BBRefID,,,Gerson Garabito,MIL,RP,RP,642520,19835,Razzball only
Jonathan Hernandez,LAD,hernajo02,642546,Pitching Unique normalized name,,,Jonathan Hernandez,LAD,RP,RP,642546,17464,Razzball only
Freddy Peralta,NYMTBR,peralfr01,642547,Pitching Unique normalized name,,,Freddy Peralta,TB,SP,SP,642547,18679,Razzball only
Gerson Moreno,,,642575,missing_BBRefID,,,Gerson Moreno,STL,RP,RP,642575,sa736656,Razzball only
Felix Bautista,,,642585,missing_BBRefID,,,Felix Bautista,BAL,RP,RP,642585,20666,Razzball only
Dennis Santana,ARIPIT,santade01,642701,Pitching Unique normalized name,,,Dennis Santana,ARI,RP,RP,642701,17878,Razzball only
Sergio Alcantara,,,642727,missing_BBRefID,,,Sergio Alcantara,PHI,3B,3B,642727,16417,Razzball only
Domingo Acevedo,,,642758,missing_BBRefID,,,Domingo Acevedo,COL,RP,RP,642758,17092,Razzball only
Griffin Jax,TBR,jaxgr01,643377,Pitching Unique normalized name,,,Griffin Jax,TB,SP,SP,643377,20253,Razzball only
Mark Leiter Jr.,ATH,leitema02,643410,Pitching Unique normalized name,,,Mark Leiter Jr.,ATH,RP,RP,643410,15551,Razzball only
Austin Pruitt,,,643493,missing_BBRefID,,,Austin Pruitt,ATH,RP,RP,643493,15290,Razzball only
Tyler Rogers,TOR,rogerty01,643511,Pitching Unique normalized name,,,Tyler Rogers,TOR,RP,RP,643511,15541,Razzball only
Sandy Alcantara,MIA,alcansa01,645261,Pitching Unique normalized name,,,Sandy Alcantara,MIA,SP,SP,645261,18684,Razzball only
Jose Herrera,,,645444,missing_BBRefID,,,Jose Herrera,PIT,C,C,645444,17040,Razzball only
Enmanuel De Jesus,DET,dejesen01,646241,Pitching Unique normalized name,,,Enmanuel De Jesus,DET,RP,RP,646241,18554,Razzball only
Jhonathan Diaz,,,646242,missing_BBRefID,,,Jhonathan Diaz,SEA,SP,SP,646242,20298,Razzball only
Zach Pop,,,647315,missing_BBRefID,,,Zach Pop,MIA,RP,RP,647315,20185,Razzball only
Michael Soroka,ARI,sorokmi01,647336,Pitching Unique normalized name,,,Michael Soroka,ARI,SP,SP,647336,18383,Razzball only
Abraham Toro,,,647351,missing_BBRefID,,,Abraham Toro,KC,1B,1B/3B,647351,19844,Razzball only
Bryan Abreu,HOU,abreubr01,650556,Pitching Unique normalized name,,,Bryan Abreu,HOU,RP,RP,650556,16609,Razzball only
Michael King,SDP,kingmi01,650633,Pitching Unique normalized name,,,Michael King,SD,SP,SP,650633,19853,Razzball only
Genesis Cabrera,,,650893,missing_BBRefID,,,Genesis Cabrera,KC,RP,RP,650893,17490,Razzball only
Diego Castillo,,,650895,missing_BBRefID,,,Diego Castillo,COL,RP,RP,650895,17496,Razzball only
Rene Pinto,,,650907,missing_BBRefID,,,Rene Pinto,PHI,C,C,650907,19859,Razzball only
Cristopher Sanchez,PHI,sanchcr01,650911,Pitching Unique normalized name,,,Cristopher Sanchez,PHI,SP,SP,650911,20778,Razzball only
Daniel Duarte,NYM,duartda01,650960,Pitching Unique normalized name,,,Daniel Duarte,NYM,RP,RP,650960,17480,Razzball only
Manuel Rodriguez,,,655889,missing_BBRefID,,,Manuel Rodriguez,TB,RP,RP,655889,20794,Razzball only
Aneurys Zabala,,,656008,missing_BBRefID,,,Aneurys Zabala,LAA,RP,RP,656008,20802,Razzball only
Carlos Perez,,,656024,missing_BBRefID,,,Carlos Perez,DET,C,C,656024,,Razzball only
Charlie Barnes,,,656212,missing_BBRefID,,,Charlie Barnes,LAD,RP,RP,656212,19865,Razzball only
Jalen Beeks,TEX,beeksja02,656222,Pitching Unique normalized name,,,Jalen Beeks,TEX,RP,RP,656222,17192,Razzball only
Brandon Bielak,,,656232,missing_BBRefID,,,Brandon Bielak,HOU,RP,RP,656232,19866,Razzball only
Scott Blewett,ATHSTL,blewesc01,656240,Pitching Unique normalized name,,,Scott Blewett,ATH,RP,RP,656240,16427,Razzball only
Jeff Brigham,,,656257,missing_BBRefID,,,Jeff Brigham,CHC,RP,RP,656257,16631,Razzball only
J.B. Bukauskas,,,656266,missing_BBRefID,,,J.B. Bukauskas,MIL,RP,RP,656266,20491,Razzball only
Brock Burke,CIN,burkebr01,656271,Pitching Unique normalized name,,,Brock Burke,CIN,RP,RP,656271,17968,Razzball only
Griffin Canning,SDP,cannigr01,656288,Pitching Unique normalized name,,,Griffin Canning,SD,SP,SP,656288,19867,Razzball only
Dylan Cease,TOR,ceasedy01,656302,Pitching Unique normalized name,,,Dylan Cease,TOR,SP,SP,656302,18525,Razzball only
Michael Chavis,,,656308,missing_BBRefID,,,Michael Chavis,CIN,2B,2B,656308,17321,Razzball only
Tucker Davidson,,,656353,missing_BBRefID,,,Tucker Davidson,PHI,RP,RP,656353,19871,Razzball only
Isan Diaz,,,656371,missing_BBRefID,,,Isan Diaz,KC,SS,SS,656371,,Razzball only
Tommy Doyle,,,656382,missing_BBRefID,,,Tommy Doyle,COL,RP,RP,656382,21281,Razzball only
Alex Faedo,,,656412,missing_BBRefID,,,Alex Faedo,LAA,RP,RP,656412,19874,Razzball only
Jack Flaherty,DET,flaheja01,656427,Pitching Unique normalized name,,,Jack Flaherty,DET,SP,SP,656427,17479,Razzball only
Tyler Gilbert,,,656457,missing_BBRefID,,,Tyler Gilbert,CHW,SP,SP,656457,17964,Razzball only
Kevin Ginkel,ARI,ginkeke01,656464,Pitching Unique normalized name,,,Kevin Ginkel,ARI,RP,RP,656464,19876,Razzball only
Foster Griffin,CLEWSN,grifffo01,656492,Pitching Unique normalized name,,,Foster Griffin,CLE,SP,SP,656492,16432,Razzball only
Jeff Hoffman,MINTOR,hoffmje02,656546,Pitching Unique normalized name,,,Jeff Hoffman,MIN,RP,RP,17432,17432,Razzball only
Grant Holmes,ATL,holmegr01,656550,Pitching Unique normalized name,,,Grant Holmes,ATL,SP,SP,16944,16944,Razzball only
Tanner Houck,,,656557,missing_BBRefID,,,Tanner Houck,BOS,SP,SP,656557,19879,Razzball only
Mitch Keller,PIT,kellemi03,656605,Pitching Unique normalized name,,,Mitch Keller,PIT,SP,SP,656605,17594,Razzball only
Gabe Klobosits,,,656620,missing_BBRefID,,,Gabe Klobosits,CHC,RP,RP,656620,19881,Razzball only
Mark Kolozsvary,,,656627,missing_BBRefID,,,Mark Kolozsvary,PHI,C,C,656627,21304,Razzball only
Brock Lundquist,,,656668,missing_BBRefID,,,Brock Lundquist,TOR,OF,OF,656668,,Razzball only
Tylor Megill,,,656731,missing_BBRefID,,,Tylor Megill,NYM,SP,SP,656731,21318,Razzball only
Bryce Montes De Oca,,,656755,missing_BBRefID,,,Bryce Montes De Oca,WSH,RP,RP,656755,21319,Razzball only
Sean Newcomb,CHW,newcose01,656794,Pitching Unique normalized name,,,Sean Newcomb,CHW,RP,RP,16943,16943,Razzball only
Michael Petersen,MIA,petermi01,656848,Pitching Unique normalized name,,,Michael Petersen,MIA,RP,RP,656848,20827,Razzball only
David Peterson,CHCNYM,peterda01,656849,Pitching Unique normalized name,,,David Peterson,CHC,SP,SP,656849,20302,Razzball only
Drew Rasmussen,TBR,rasmudr01,656876,Pitching Unique normalized name,,,Drew Rasmussen,TB,SP,SP,656876,25385,Razzball only
Jakson Reetz,,,656883,missing_BBRefID,,,Jakson Reetz,SEA,C,C,656883,17837,Razzball only
Sean Reid-Foley,,,656887,missing_BBRefID,,,Sean Reid-Foley,ATL,RP,RP,656887,17034,Razzball only
Jared Robinson,,,656904,missing_BBRefID,,,Jared Robinson,ATL,RP,RP,656904,,Razzball only
Ryder Ryan,,,656924,missing_BBRefID,,,Ryder Ryan,LAD,RP,RP,656924,19891,Razzball only
Tanner Scott,LAD,scottta01,656945,Pitching Unique normalized name,,,Tanner Scott,LAD,RP,RP,656945,17586,Razzball only
Bennett Sousa,HOU,sousabe01,656986,Pitching Unique normalized name,,,Bennett Sousa,HOU,RP,RP,656986,21345,Razzball only
Justin Steele,,,657006,missing_BBRefID,,,Justin Steele,CHC,SP,SP,657006,17312,Razzball only
Trey Supak,,,657022,missing_BBRefID,,,Trey Supak,TEX,RP,RP,657022,sa828707,Razzball only
Ryan Thompson,ARI,thompry02,657044,Pitching Unique normalized name,,,Ryan Thompson,ARI,RP,RP,657044,16647,Razzball only
Touki Toussaint,,,657053,missing_BBRefID,,,Touki Toussaint,LAA,RP,RP,657053,16929,Razzball only
Kyle Wright,,,657140,missing_BBRefID,,,Kyle Wright,CHC,SP,SP,657140,19665,Razzball only
Julian Merryweather,,,657240,missing_BBRefID,,,Julian Merryweather,MIN,RP,RP,657240,16703,Razzball only
Brian O’Keefe,,,657247,missing_BBRefID,,,Brian O’Keefe,SEA,C,C,657247,16680,Razzball only
Glenn Otto,,,657248,missing_BBRefID,,,Glenn Otto,HOU,RP,RP,657248,21366,Razzball only
Logan Webb,SFG,webblo01,657277,Pitching Unique normalized name,,,Logan Webb,SF,SP,SP,657277,17995,Razzball only
Clarke Schmidt,,,657376,missing_BBRefID,,,Clarke Schmidt,NYY,SP,SP,657376,19899,Razzball only
Matt Gage,SFG,gagema01,657424,Pitching Unique normalized name,,,Matt Gage,SF,RP,RP,657424,17381,Razzball only
Mike Baumann,,,657508,missing_BBRefID,,,Mike Baumann,NYM,RP,RP,657508,20206,Razzball only
Brennan Bernardino,COL,bernabr01,657514,Pitching Unique normalized name,,,Brennan Bernardino,COL,RP,RP,657514,16835,Razzball only
Paul DeJong,,,657557,missing_BBRefID,,,Paul DeJong,DET,3B,2B/SS/ 3B,657557,18015,Razzball only
Reed Garrett,,,657585,missing_BBRefID,,,Reed Garrett,NYM,RP,RP,657585,16866,Razzball only
Tim Hill,NYY,hillti01,657612,Pitching Unique normalized name,,,Tim Hill,NYY,RP,RP,657612,16814,Razzball only
Jared Koenig,,,657649,missing_BBRefID,,,Jared Koenig,MIL,RP,RP,657649,27517,Razzball only
Vinny Nittoli,,,657697,missing_BBRefID,,,Vinny Nittoli,BOS,RP,RP,657697,16754,Razzball only
Joe Ryan,MIN,ryanjo04,657746,Pitching Unique normalized name,,,Joe Ryan,MIN,SP,SP,657746,21390,Razzball only
Junior Fernandez,,,658551,missing_BBRefID,,,Junior Fernandez,MIL,RP,RP,658551,18496,Razzball only
Edward Olivares,,,658668,missing_BBRefID,,,Edward Olivares,TB,OF,OF,658668,19698,Razzball only
Enoli Paredes,,,660600,missing_BBRefID,,,Enoli Paredes,BAL,RP,RP,660600,20447,Razzball only
Alan Rangel,PHI,rangeal01,660604,Pitching Unique normalized name,,,Alan Rangel,PHI,SP,SP,660604,19524,Razzball only
Huascar Ynoa,,,660623,missing_BBRefID,,,Huascar Ynoa,LAA,RP,RP,660623,20468,Razzball only
Yonny Hernandez,,,660634,missing_BBRefID,,,Yonny Hernandez,NYM,2B,2B,660634,,Razzball only
Diego Castillo,,,660636,missing_BBRefID,,,Diego Castillo,TEX,3B,3B,660636,19906,Razzball only
Juan Yepez,,,660766,missing_BBRefID,,,Juan Yepez,TOR,1B,1B,660766,18400,Razzball only
Yerry De los Santos,NYY,delosye01,660787,Pitching Unique normalized name,,,Yerry De los Santos,NYY,RP,RP,660787,21420,Razzball only
Brusdar Graterol,,,660813,missing_BBRefID,,,Brusdar Graterol,LAD,RP,RP,660813,20367,Razzball only
Eduard Bazardo,SEA,bazared01,660825,Pitching Unique normalized name,,,Eduard Bazardo,SEA,RP,RP,660825,20997,Razzball only
Hoy Park,,,660829,missing_BBRefID,,,Hoy Park,ATH,OF,OF,660829,18027,Razzball only
Enyel De Los Santos,HOU,delosen01,660853,Pitching Unique normalized name,,,Enyel De Los Santos,HOU,RP,RP,660853,18403,Razzball only
Jorge Alcala,,,660896,missing_BBRefID,,,Jorge Alcala,TOR,RP,RP,660896,19459,Razzball only
Francisco Perez,,,660906,missing_BBRefID,,,Francisco Perez,ATH,RP,RP,660906,21018,Razzball only
Oliver Ortega,,,661383,missing_BBRefID,,,Oliver Ortega,NYM,RP,RP,661383,21025,Razzball only
Emmanuel Clase,,,661403,missing_BBRefID,,,Emmanuel Clase,CLE,RP,RP,661403,21032,Razzball only
Luis Gil,NYY,gillu01,661563,Pitching Unique normalized name,,,Luis Gil,NYY,SP,SP,661563,21052,Razzball only
Brian Keller,,,662144,missing_BBRefID,,,Brian Keller,PHI,RP,RP,662144,19593,Razzball only
Andres Munoz,SEA,munozan01,662253,Pitching Unique normalized name,,,Andres Munoz,SEA,RP,RP,662253,20373,Razzball only
Nick Hernandez,,,663321,missing_BBRefID,,,Nick Hernandez,ATH,RP,RP,663321,19281,Razzball only
Aaron Shortridge,,,663336,missing_BBRefID,,,Aaron Shortridge,WSH,SP,SP,663336,sa3006759,Razzball only
Matt Waldron,SDPTORWSN,waldrma01,663362,Pitching Unique normalized name,,,Matt Waldron,WSH,SP,SP,663362,25550,Razzball only
Ryan Feltner,COL,feltnry01,663372,Pitching Unique normalized name,,,Ryan Feltner,COL,SP,SP,663372,21446,Razzball only
Brandon Waddell,,,663399,missing_BBRefID,,,Brandon Waddell,NYM,RP,RP,663399,18347,Razzball only
Davis Martin,CHW,martida03,663436,Pitching Unique normalized name,,,Davis Martin,CHW,SP,SP,663436,21448,Razzball only
Konnor Pilkington,,,663455,missing_BBRefID,,,Konnor Pilkington,WSH,RP,RP,663455,21453,Razzball only
Kris Bubic,KCRLAD,bubickr01,663460,Pitching Unique normalized name,,,Kris Bubic,LAD,SP,SP,663460,21455,Razzball only
Isaiah Campbell,,,663462,missing_BBRefID,,,Isaiah Campbell,ARI,RP,RP,663462,25551,Razzball only
Kolby Allard,,,663465,missing_BBRefID,,,Kolby Allard,PHI,RP,RP,663465,18694,Razzball only
Triston McKenzie,,,663474,missing_BBRefID,,,Triston McKenzie,SD,SP,SP,663474,18000,Razzball only
Cole Sands,,,663485,missing_BBRefID,,,Cole Sands,MIN,RP,RP,663485,21461,Razzball only
Tristin English,,,663536,missing_BBRefID,,,Tristin English,ATL,1B,1B,663536,26148,Razzball only
Bryan Hudson,CHW,hudsobr01,663542,Pitching Unique normalized name,,,Bryan Hudson,CHW,RP,RP,663542,19924,Razzball only
Casey Mize,DETSDP,mizeca01,663554,Pitching Unique normalized name,,,Casey Mize,SD,SP,SP,663554,20492,Razzball only
Shane McClanahan,TBR,mcclash01,663556,Pitching Unique normalized name,,,Shane McClanahan,TB,SP,SP,663556,21483,Razzball only
Jovani Moran,BOS,moranjo01,663558,Pitching Unique normalized name,,,Jovani Moran,BOS,RP,RP,663558,20422,Razzball only
Noah Davis,,,663562,missing_BBRefID,,,Noah Davis,PIT,RP,RP,663562,25862,Razzball only
Peter Lambert,HOU,lambepe01,663567,Pitching Unique normalized name,,,Peter Lambert,HOU,SP,SP,663567,17969,Razzball only
Stephen Kolek,KCR,kolekst01,663568,Pitching Unique normalized name,,,Stephen Kolek,KC,SP,SP,663568,21487,Razzball only
Tony Santillan,CIN,santito01,663574,Pitching Unique normalized name,,,Tony Santillan,CIN,RP,RP,663574,19926,Razzball only
Jake Irvin,WSN,irvinja01,663623,Pitching Unique normalized name,,,Jake Irvin,WSH,SP,SP,663623,21504,Razzball only
Ethan Small,,,663629,missing_BBRefID,,,Ethan Small,SF,RP,RP,663629,26364,Razzball only
Nic Enright,,,663671,missing_BBRefID,,,Nic Enright,TOR,RP,RP,663671,25553,Razzball only
Hogan Harris,ATH,harriho03,663687,Pitching Unique normalized name,,,Hogan Harris,ATH,RP,RP,663687,21520,Razzball only
James McArthur,,,663704,missing_BBRefID,,,James McArthur,KC,RP,RP,663704,21527,Razzball only
Connor Kaiser,,,663731,missing_BBRefID,,,Connor Kaiser,KC,2B,2B,663731,21535,Razzball only
Daniel Lynch IV,KCR,lynchda02,663738,Pitching Unique normalized name,,,Daniel Lynch IV,KC,SP,SP,663738,21537,Razzball only
Reiss Knehr,,,663753,missing_BBRefID,,,Reiss Knehr,MIL,RP,RP,663753,21541,Razzball only
Bryan Hoeing,,,663773,missing_BBRefID,,,Bryan Hoeing,SD,RP,RP,663773,26304,Razzball only
Patrick Sandoval,BOS,sandopa02,663776,Pitching Unique normalized name,,,Patrick Sandoval,BOS,SP,SP,663776,19447,Razzball only
Justin Hagenman,,,663795,missing_BBRefID,,,Justin Hagenman,NYM,SP,SP,663795,21546,Razzball only
Jackson Kowar,,,663804,missing_BBRefID,,,Jackson Kowar,BAL,RP,RP,663804,21549,Razzball only
Alfonso Rivas III,,,663845,missing_BBRefID,,,Alfonso Rivas III,STL,1B,1B,663845,21560,Razzball only
Jordan Hicks,CHW,hicksjo03,663855,Pitching Unique normalized name,,,Jordan Hicks,CHW,RP,RP,663855,19618,Razzball only
Brendon Little,TOR,littlbr02,663893,Pitching Unique normalized name,,,Brendon Little,TOR,RP,RP,663893,21574,Razzball only
Brendan Rodgers,,,663898,missing_BBRefID,,,Brendan Rodgers,BOS,2B,2B,663898,17907,Razzball only
Brady Singer,CIN,singebr01,663903,Pitching Unique normalized name,,,Brady Singer,CIN,SP,SP,663903,25377,Razzball only
Tristan Beck,,,663941,missing_BBRefID,,,Tristan Beck,SF,RP,RP,663941,21584,Razzball only
Tyler Holton,DET,holtoty01,663947,Pitching Unique normalized name,,,Tyler Holton,DET,RP,RP,663947,26231,Razzball only
Tyler Phillips,MIA,phillty01,663969,Pitching Unique normalized name,,,Tyler Phillips,MIA,SP,SP,663969,20629,Razzball only
Trevor Stephan,,,663986,missing_BBRefID,,,Trevor Stephan,CLE,RP,RP,663986,19932,Razzball only
Richard Lovelady,NYMWSN,lovelri01,663992,Pitching Unique normalized name,,,Richard Lovelady,WSH,RP,RP,663992,19337,Razzball only
Cody Stashak,,,664054,missing_BBRefID,,,Cody Stashak,PHI,RP,RP,664054,18088,Razzball only
Tony Gonsolin,,,664062,missing_BBRefID,,,Tony Gonsolin,KC,RP,RP,664062,19388,Razzball only
Cody Ponce,,,664074,missing_BBRefID,,,Cody Ponce,TOR,SP,SP,664074,17920,Razzball only
Garrett Cleavinger,TBR,cleavga01,664076,Pitching Unique normalized name,,,Garrett Cleavinger,TB,RP,RP,664076,17897,Razzball only
Sean Poppen,,,664092,missing_BBRefID,,,Sean Poppen,LAA,RP,RP,664092,19583,Razzball only
Scott Effross,,,664123,missing_BBRefID,,,Scott Effross,SEA,RP,RP,664123,18384,Razzball only
Geoff Hartlieb,ATH,hartlge01,664129,Pitching Unique normalized name,,,Geoff Hartlieb,ATH,RP,RP,664129,19558,Razzball only
JT Brubaker,SFG,brubajt01,664141,Pitching Unique normalized name,,,JT Brubaker,SF,RP,RP,664141,17578,Razzball only
Phil Maton,CHC,matonph01,664208,Pitching Unique normalized name,,,Phil Maton,CHC,RP,RP,664208,18064,Razzball only
Framber Valdez,DET,valdefr01,664285,Pitching Unique normalized name,,,Framber Valdez,DET,SP,SP,664285,17295,Razzball only
Cristian Javier,HOU,javiecr01,664299,Pitching Unique normalized name,,,Cristian Javier,HOU,SP,SP,664299,17606,Razzball only
Miguel Yajure,,,664337,missing_BBRefID,,,Miguel Yajure,HOU,RP,RP,664337,21111,Razzball only
Alejo Lopez,,,664670,missing_BBRefID,,,Alejo Lopez,KC,3B,3B,664670,21127,Razzball only
Jose Espada,,,664744,missing_BBRefID,,,Jose Espada,BAL,RP,RP,664744,21131,Razzball only
Alexis Diaz,,,664747,missing_BBRefID,,,Alexis Diaz,TEX,RP,RP,664747,21132,Razzball only
Jake Cousins,,,664776,missing_BBRefID,,,Jake Cousins,LAD,RP,RP,664776,21620,Razzball only
Danny Young,ATL,youngda02,664849,Pitching Unique normalized name,,,Danny Young,ATL,RP,RP,664849,18439,Razzball only
Jay Flaa,,,664852,missing_BBRefID,,,Jay Flaa,ATL,RP,RP,664852,,Razzball only
Ryan Helsley,BAL,helslry01,664854,Pitching Unique normalized name,,,Ryan Helsley,BAL,RP,RP,664854,18138,Razzball only
Seby Zavala,,,664874,missing_BBRefID,,,Seby Zavala,DET,C,C,664874,18887,Razzball only
Anthony Misiewicz,,,664948,missing_BBRefID,,,Anthony Misiewicz,CIN,RP,RP,664948,18152,Razzball only
Grant Wolfram,BAL,wolfrgr01,664991,Pitching Unique normalized name,,,Grant Wolfram,BAL,RP,RP,664991,21623,Razzball only
Hobie Harris,,,665048,missing_BBRefID,,,Hobie Harris,BOS,RP,RP,665048,18615,Razzball only
Dean Kremer,BALMIN,kremede01,665152,Pitching Unique normalized name,,,Dean Kremer,MIN,SP,SP,665152,19350,Razzball only
Gilberto Celestino,,,665482,missing_BBRefID,,,Gilberto Celestino,TEX,OF,OF,665482,,Razzball only
Luis Medina,ATH,medinlu02,665622,Pitching Unique normalized name,,,Luis Medina,ATH,RP,RP,665622,21649,Razzball only
Elvis Peguero,,,665625,missing_BBRefID,,,Elvis Peguero,BAL,RP,RP,665625,21652,Razzball only
Kervin Castro,,,665645,missing_BBRefID,,,Kervin Castro,NYY,RP,RP,665645,21656,Razzball only
Elvis Alvarado,ATH,alvarel01,665660,Pitching Unique normalized name,,,Elvis Alvarado,ATH,RP,RP,665660,21662,Razzball only
Reiver Sanmartin,SFG,sanmare01,665665,Pitching Unique normalized name,,,Reiver Sanmartin,SF,RP,RP,665665,19754,Razzball only
Antonio Santos,,,665733,missing_BBRefID,,,Antonio Santos,CHC,RP,RP,665733,20383,Razzball only
Angel Felipe,,,665734,missing_BBRefID,,,Angel Felipe,LAA,RP,RP,665734,21163,Razzball only
Edward Cabrera,CHC,cabreed02,665795,Pitching Unique normalized name,,,Edward Cabrera,CHC,SP,SP,665795,21690,Razzball only
Enmanuel Valdez,,,665839,missing_BBRefID,,,Enmanuel Valdez,PIT,1B,1B/2B/ 3B,665839,21716,Razzball only
Seuly Matias,,,665890,missing_BBRefID,,,Seuly Matias,KC,OF,OF,665890,,Razzball only
Jose Marte,,,665896,missing_BBRefID,,,Jose Marte,NYM,RP,RP,665896,21761,Razzball only
Ian Anderson,,,666120,missing_BBRefID,,,Ian Anderson,ATL,RP,RP,666120,19951,Razzball only
Tyler Baum,,,666121,missing_BBRefID,,,Tyler Baum,WSH,RP,RP,666121,sa1054042,Razzball only
Braxton Garrett,,,666129,missing_BBRefID,,,Braxton Garrett,CHC,SP,SP,666129,21844,Razzball only
Cole Ragans,KCR,raganco01,666142,Pitching Unique normalized name,,,Cole Ragans,KC,SP,SP,666142,21846,Razzball only
Dominic Fletcher,,,666150,missing_BBRefID,,,Dominic Fletcher,CIN,OF,OF,666150,26149,Razzball only
Nick Lodolo,CIN,lodolni01,666157,Pitching Unique normalized name,,,Nick Lodolo,CIN,SP,SP,666157,26378,Razzball only
Gavin Lux,,,666158,missing_BBRefID,,,Gavin Lux,TB,OF,2B/3B/ OF,666158,19955,Razzball only
Blake Sabol,,,666165,missing_BBRefID,,,Blake Sabol,TB,C,C/OF,666165,25805,Razzball only
Mason Thompson,,,666168,missing_BBRefID,,,Mason Thompson,TEX,RP,RP,666168,21850,Razzball only
Ryan Zeferjahn,CHCLAA,zeferry01,666171,Pitching Unique normalized name,,,Ryan Zeferjahn,CHC,RP,RP,666171,25420,Razzball only
Grae Kessinger,,,666197,missing_BBRefID,,,Grae Kessinger,NYM,3B,3B,666197,25813,Razzball only
Carter Kieboom,,,666198,missing_BBRefID,,,Carter Kieboom,PHI,1B,1B,666198,19958,Razzball only
Jesus Luzardo,PHI,luzarje01,666200,Pitching Unique normalized name,,,Jesus Luzardo,PHI,SP,SP,666200,19959,Razzball only
Riley Pint,,,666207,missing_BBRefID,,,Riley Pint,SD,RP,RP,666207,21858,Razzball only
Joey Wentz,,,666214,missing_BBRefID,,,Joey Wentz,ATL,SP,SP,666214,19962,Razzball only
Matt Brash,SEA,brashma01,666374,Pitching Unique normalized name,,,Matt Brash,SEA,RP,RP,666374,25756,Razzball only
Juan Morillo,ARI,morilju02,666661,Pitching Unique normalized name,,,Juan Morillo,ARI,RP,RP,666661,21924,Razzball only
Joel Peguero,,,666711,missing_BBRefID,,,Joel Peguero,SF,RP,RP,666711,21951,Razzball only
Jhony Brito,,,666745,missing_BBRefID,,,Jhony Brito,SD,RP,RP,666745,25386,Razzball only
Camilo Doval,NYYPIT,dovalca01,666808,Pitching Unique normalized name,,,Camilo Doval,SF,RP,RP,666808,21992,Razzball only
Yennier Cano,BAL,canoye01,666974,Pitching Unique normalized name,,,Yennier Cano,BAL,RP,RP,666974,25911,Razzball only
Tommy Nance,MINTOR,nanceto01,667297,Pitching Unique normalized name,,,Tommy Nance,MIN,RP,RP,667297,19178,Razzball only
Zach Jackson,,,667427,missing_BBRefID,,,Zach Jackson,ATH,RP,RP,667427,19493,Razzball only
John King,MIA,kingjo01,667463,Pitching Unique normalized name,,,John King,TEX,SP,SP,667463,22051,Razzball only
Jose Soriano,LAATOR,soriajo02,667755,Pitching Unique normalized name,,,Jose Soriano,TOR,SP,SP,667755,22100,Razzball only
Tyson Miller,,,668338,missing_BBRefID,,,Tyson Miller,CHW,RP,RP,668338,19976,Razzball only
Cole Winn,TEX,winnco01,668390,Pitching Unique normalized name,,,Cole Winn,TEX,RP,RP,668390,22113,Razzball only
Hagen Danner,,,668470,missing_BBRefID,,,Hagen Danner,LAA,RP,RP,668470,22116,Razzball only
Nick Pratto,,,668472,missing_BBRefID,,,Nick Pratto,SD,1B,1B,668472,22117,Razzball only
Tres Barrera,,,668663,missing_BBRefID,,,Tres Barrera,WSH,C,C,668663,,Razzball only
Stephen Nogosek,,,668665,missing_BBRefID,,,Stephen Nogosek,KC,RP,RP,668665,19545,Razzball only
Zac Gallen,ARI,galleza01,668678,Pitching Unique normalized name,,,Zac Gallen,ARI,SP,SP,668678,19291,Razzball only
Noah Murdock,,,668716,missing_BBRefID,,,Noah Murdock,PIT,RP,RP,668716,27908,Razzball only
Payton Henry,,,668721,missing_BBRefID,,,Payton Henry,PHI,C,C,668721,22164,Razzball only
Akil Baddoo,,,668731,missing_BBRefID,,,Akil Baddoo,MIL,OF,OF,668731,22168,Razzball only
Duke Ellis,,,668752,missing_BBRefID,,,Duke Ellis,NYY,OF,OF,668752,27543,Razzball only
Colin Peluse,,,668761,missing_BBRefID,,,Colin Peluse,PHI,RP,RP,668761,sa3011126,Razzball only
Dylan File,,,668766,missing_BBRefID,,,Dylan File,DET,SP,SP,668766,sa3004197,Razzball only
Kyle McCann,,,668832,missing_BBRefID,,,Kyle McCann,COL,C,C,668832,25575,Razzball only
Easton McGee,,,668834,missing_BBRefID,,,Easton McGee,KC,RP,RP,668834,22176,Razzball only
Conner Capel,,,668843,missing_BBRefID,,,Conner Capel,COL,DH,OF,668843,19983,Razzball only
Aaron Schunk,,,668845,missing_BBRefID,,,Aaron Schunk,ATL,SS,SS,668845,25524,Razzball only
Zack Thompson,,,668868,missing_BBRefID,,,Zack Thompson,STL,RP,RP,668868,25918,Razzball only
Caleb Kilian,PHISFG,kiliaca01,668873,Pitching Unique normalized name,,,Caleb Kilian,PHI,RP,RP,668873,26213,Razzball only
Hunter Greene,CIN,greenhu01,668881,Pitching Unique normalized name,,,Hunter Greene,CIN,SP,SP,668881,22182,Razzball only
Gavin Williams,CLE,williga01,668909,Pitching Unique normalized name,,,Gavin Williams,CLE,SP,SP,668909,30122,Razzball only
Graham Ashcraft,CIN,ashcrgr01,668933,Pitching Unique normalized name,,,Graham Ashcraft,CIN,RP,RP,668933,27552,Razzball only
JoJo Romero,MILSTL,romerjo01,668941,Pitching Unique normalized name,,,JoJo Romero,MIL,RP,RP,668941,19574,Razzball only
Ryan Miller,,,668943,missing_BBRefID,,,Ryan Miller,COL,RP,RP,668943,22187,Razzball only
Tobias Myers,NYM,myersto01,668964,Pitching Unique normalized name,,,Tobias Myers,NYM,RP,RP,668964,22191,Razzball only
Hans Crouse,,,668968,missing_BBRefID,,,Hans Crouse,SD,RP,RP,668968,22192,Razzball only
Gavin Hollowell,CHC,holloga01,668970,Pitching Unique normalized name,,,Gavin Hollowell,CHC,RP,RP,668970,25427,Razzball only
Casey Legumina,SEATBR,legumca01,668984,Pitching Unique normalized name,,,Casey Legumina,TB,RP,RP,668984,25921,Razzball only
MacKenzie Gore,TEX,gorema01,669022,Pitching Unique normalized name,,,MacKenzie Gore,TEX,SP,SP,669022,22201,Razzball only
Bryse Wilson,CHCMILPHI,wilsobr02,669060,Pitching Unique normalized name,,,Bryse Wilson,MIL,RP,RP,669060,19990,Razzball only
Erik Miller,BOSSFG,milleer01,669062,Pitching Unique normalized name,,,Erik Miller,BOS,RP,RP,669062,26252,Razzball only
Jeremiah Estrada,SDP,estraje01,669093,Pitching Unique normalized name,,,Jeremiah Estrada,SD,RP,RP,669093,22210,Razzball only
John McMillon,,,669111,missing_BBRefID,,,John McMillon,PHI,RP,RP,669111,27942,Razzball only
Dustin May,MILSTL,maydu01,669160,Pitching Unique normalized name,,,Dustin May,MIL,SP,SP,669160,19716,Razzball only
Kyle Hurt,LAD,hurtky01,669165,Pitching Unique normalized name,,,Kyle Hurt,LAD,SP,SP,669165,27514,Razzball only
Jonathan Heasley,,,669169,missing_BBRefID,,,Jonathan Heasley,TB,RP,RP,669169,22224,Razzball only
Jack Little,,,669193,missing_BBRefID,,,Jack Little,DET,RP,RP,669193,26152,Razzball only
Ryne Nelson,ARI,nelsory01,669194,Pitching Unique normalized name,,,Ryne Nelson,ARI,SP,SP,669194,26253,Razzball only
Lake Bachar,MIAPIT,bachala01,669199,Pitching Unique normalized name,,,Lake Bachar,PIT,RP,RP,669199,19222,Razzball only
Mason McCoy,,,669200,missing_BBRefID,,,Mason McCoy,SD,SS,SS,669200,22232,Razzball only
Corbin Burnes,,,669203,missing_BBRefID,,,Corbin Burnes,ARI,SP,SP,669203,19361,Razzball only
Keegan Akin,BAL,akinke01,669211,Pitching Unique normalized name,,,Keegan Akin,BAL,RP,RP,669211,19362,Razzball only
Eli Morgan,KCR,morgael01,669212,Pitching Unique normalized name,,,Eli Morgan,NYY,RP,RP,669212,20203,Razzball only
Je’Von Ward,,,669219,missing_BBRefID,,,Je’Von Ward,TOR,OF,OF,669219,sa3004969,Razzball only
Nick Senzel,,,669222,missing_BBRefID,,,Nick Senzel,LAD,3B,3B,669222,19293,Razzball only
Justyn-Henry Malloy,,,669234,missing_BBRefID,,,Justyn-Henry Malloy,TB,OF,OF,669234,29606,Razzball only
Jack Suwinski,,,669261,missing_BBRefID,,,Jack Suwinski,TB,OF,OF,669261,22244,Razzball only
Joel Kuhnel,ATHMILSFG,kuhnejo01,669270,Pitching Unique normalized name,,,Joel Kuhnel,SF,RP,RP,669270,19995,Razzball only
Dylan Lee,ATL,leedy01,669276,Pitching Unique normalized name,,,Dylan Lee,ATL,RP,RP,669276,19996,Razzball only
Paul Campbell,,,669294,missing_BBRefID,,,Paul Campbell,CHC,RP,RP,669294,22248,Razzball only
Logan Gilbert,SEA,gilbelo01,669302,Pitching Unique normalized name,,,Logan Gilbert,SEA,SP,SP,669302,22250,Razzball only
Tyler Wells,BALTBR,wellsty01,669330,Pitching Unique normalized name,,,Tyler Wells,TB,RP,RP,669330,20000,Razzball only
Shane Baz,BAL,bazsh01,669358,Pitching Unique normalized name,,,Shane Baz,BAL,SP,SP,669358,22264,Razzball only
Tarik Skubal,DETLAD,skubata01,669373,Pitching Unique normalized name,,,Tarik Skubal,LAD,SP,SP,669373,22267,Razzball only
Keston Hiura,,,669374,missing_BBRefID,,,Keston Hiura,LAD,1B,1B,669374,20003,Razzball only
Raynel Delgado,,,669384,missing_BBRefID,,,Raynel Delgado,HOU,2B,2B,669384,22272,Razzball only
Carmen Mlodzinski,PIT,mlodzca01,669387,Pitching Unique normalized name,,,Carmen Mlodzinski,PIT,SP,SP,669387,27572,Razzball only
Dylan Coleman,,,669395,missing_BBRefID,,,Dylan Coleman,NYY,RP,RP,669395,22276,Razzball only
Frainyer Chavez,,,669413,missing_BBRefID,,,Frainyer Chavez,TEX,SS,SS,669413,sa3007019,Razzball only
Matt Sauer,,,669422,missing_BBRefID,,,Matt Sauer,ATH,RP,RP,669422,22284,Razzball only
Trevor Rogers,BAL,rogertr01,669432,Pitching Unique normalized name,,,Trevor Rogers,BAL,SP,SP,669432,22286,Razzball only
Mason Englert,TBR,englema01,669438,Pitching Unique normalized name,,,Mason Englert,TB,SP,SP,669438,22288,Razzball only
Chandler Champlain,,,669441,missing_BBRefID,,,Chandler Champlain,KC,SP,SP,669441,sa3018138,Razzball only
Jake Palisch,,,669449,missing_BBRefID,,,Jake Palisch,CHW,RP,RP,669449,31598,Razzball only
Shane Bieber,TOR,biebesh01,669456,Pitching Unique normalized name,,,Shane Bieber,TOR,SP,SP,669456,19427,Razzball only
Matthew Liberatore,STL,liberma01,669461,Pitching Unique normalized name,,,Matthew Liberatore,STL,SP,SP,669461,22294,Razzball only
Andre Pallante,STL,pallaan01,669467,Pitching Unique normalized name,,,Andre Pallante,STL,SP,SP,669467,26108,Razzball only
Brady Basso,ATH,bassobr01,669620,Pitching Unique normalized name,,,Brady Basso,ATH,RP,RP,669620,25582,Razzball only
Anthony Bender,MIA,bendean01,669622,Pitching Unique normalized name,,,Anthony Bender,MIA,RP,RP,669622,19742,Razzball only
Sam Long,,,669674,missing_BBRefID,,,Sam Long,KC,RP,RP,669674,25379,Razzball only
Chris Murphy,CHW,murphch01,669684,Pitching Unique normalized name,,,Chris Murphy,CHW,RP,RP,669684,26214,Razzball only
Kade Strowd,,,669704,missing_BBRefID,,,Kade Strowd,ARI,RP,RP,669704,26191,Razzball only
Greg Weissert,BOS,weissgr01,669711,Pitching Unique normalized name,,,Greg Weissert,BOS,RP,RP,669711,20375,Razzball only
Hayden Wesneski,HOU,wesneha01,669713,Pitching Unique normalized name,,,Hayden Wesneski,HOU,SP,SP,669713,27581,Razzball only
Davis Daniel,,,669721,missing_BBRefID,,,Davis Daniel,CIN,SP,SP,669721,27582,Razzball only
Logan Davidson,,,669722,missing_BBRefID,,,Logan Davidson,TB,1B,1B,669722,25844,Razzball only
Brenan Hanifee,,,669724,missing_BBRefID,,,Brenan Hanifee,DET,SP,SP,669724,22304,Razzball only
Chris Rodriguez,,,669735,missing_BBRefID,,,Chris Rodriguez,CHW,RP,RP,669735,22310,Razzball only
Ronel Blanco,HOU,blancro01,669854,Pitching Unique normalized name,,,Ronel Blanco,HOU,SP,SP,669854,19407,Razzball only
Kirby Snead,,,669912,missing_BBRefID,,,Kirby Snead,PHI,RP,RP,669912,19179,Razzball only
George Kirby,SEA,kirbyge01,669923,Pitching Unique normalized name,,,George Kirby,SEA,SP,SP,669923,25436,Razzball only
Jesse Scholtens,TBR,scholje01,669947,Pitching Unique normalized name,,,Jesse Scholtens,TB,SP,SP,669947,19205,Razzball only
Matt Festa,CLE,festama01,670036,Pitching Unique normalized name,,,Matt Festa,CLE,RP,RP,670036,19330,Razzball only
Colin Holderman,CLE,holdeco01,670059,Pitching Unique normalized name,,,Colin Holderman,CLE,RP,RP,670059,22361,Razzball only
Trenton Brooks,,,670092,missing_BBRefID,,,Trenton Brooks,HOU,DH,OF,670092,19384,Razzball only
Bowden Francis,,,670102,missing_BBRefID,,,Bowden Francis,TOR,RP,RP,670102,20548,Razzball only
John Schreiber,KCRNYY,schrejo01,670167,Pitching Unique normalized name,,,John Schreiber,NYY,RP,RP,670167,20020,Razzball only
Josh Winckowski,,,670174,missing_BBRefID,,,Josh Winckowski,TOR,RP,RP,670174,22387,Razzball only
Garrett Acton,MIN,actonga01,670183,Pitching Unique normalized name,,,Garrett Acton,MIN,RP,RP,670183,27583,Razzball only
Darius Vines,,,670241,missing_BBRefID,,,Darius Vines,CIN,SP,SP,670241,25928,Razzball only
Ryan Watson,BOSLAA,watsory01,670245,Pitching Unique normalized name,,,Ryan Watson,LAA,RP,RP,670245,27853,Razzball only
Cal Stevenson,,,670276,missing_BBRefID,,,Cal Stevenson,DET,OF,OF,670276,22411,Razzball only
Jose Rojas,,,670351,missing_BBRefID,,,Jose Rojas,NYM,OF,OF,670351,19331,Razzball only
Aaron Fossas,,,670579,missing_BBRefID,,,Aaron Fossas,CIN,P,P,670579,,Razzball only
Darren McCaughan,,,670766,missing_BBRefID,,,Darren McCaughan,CIN,RP,RP,670766,20038,Razzball only
Logan Gillaspie,,,670810,missing_BBRefID,,,Logan Gillaspie,SD,RP,RP,670810,22461,Razzball only
Abrahan Gutierrez,,,670868,missing_BBRefID,,,Abrahan Gutierrez,NYY,C,C,670868,sa3004263,Razzball only
Guillo Zuniga,,,670871,missing_BBRefID,,,Guillo Zuniga,NYM,RP,RP,670871,19588,Razzball only
Johan Oviedo,,,670912,missing_BBRefID,,,Johan Oviedo,BOS,SP,SP,670912,22487,Razzball only
Edwin Uceta,,,670955,missing_BBRefID,,,Edwin Uceta,TB,RP,RP,670955,20539,Razzball only
Adrian Morejon,SDP,morejad01,670970,Pitching Unique normalized name,,,Adrian Morejon,SD,RP,RP,670970,20039,Razzball only
Yohan Ramirez,PIT,ramiryo01,670990,Pitching Unique normalized name,,,Yohan Ramirez,PIT,RP,RP,670990,19444,Razzball only
Andrew Abbott,CIN,abbotan01,671096,Pitching Unique normalized name,,,Andrew Abbott,CIN,SP,SP,671096,29911,Razzball only
Logan Allen,CLE,allenlo02,671106,Pitching Unique normalized name,,,Logan Allen,CLE,SP,SP,671106,27589,Razzball only
Sammy Peralta,COLLAA,peralsa01,671111,Pitching Unique normalized name,,,Sammy Peralta,LAA,SP,SP,671111,25589,Razzball only
Darren Baker,,,671117,missing_BBRefID,,,Darren Baker,SF,2B,2B,671117,29912,Razzball only
Jackson Rutledge,,,671131,missing_BBRefID,,,Jackson Rutledge,PHI,RP,RP,671131,26215,Razzball only
Connor Thomas,ATLKCR,thomaco02,671162,Pitching Unique normalized name,,,Connor Thomas,KC,RP,RP,671162,25873,Razzball only
Joe Boyle,TBR,boylejo01,671212,Pitching Unique normalized name,,,Joe Boyle,TB,SP,SP,671212,29608,Razzball only
Triston Casas,,,671213,missing_BBRefID,,,Triston Casas,BOS,1B,1B,671213,22514,Razzball only
Jeisson Rosario,,,671271,missing_BBRefID,,,Jeisson Rosario,ATH,OF,OF,671271,sa3004146,Razzball only
Luis Garcia Jr.,,,671277,missing_BBRefID,,,Luis Garcia Jr.,NYY,1B/2B,1B/2B,671277,20391,Razzball only
Tim Elko,,,671284,missing_BBRefID,,,Tim Elko,CHW,1B,1B,671284,31522,Razzball only
Michel Otanez,,,671305,missing_BBRefID,,,Michel Otanez,TEX,RP,RP,671305,22533,Razzball only
Jason Foley,SFG,foleyja01,671345,Pitching Unique normalized name,,,Jason Foley,SF,RP,RP,671345,19531,Razzball only
Cameron Foster,,,671382,missing_BBRefID,,,Cameron Foster,BAL,RP,RP,671382,31942,Razzball only
Marquis Grissom Jr.,,,671726,missing_BBRefID,,,Marquis Grissom Jr.,WSH,RP,RP,671726,sa3020312,Razzball only
Taj Bradley,MIN,bradlta01,671737,Pitching Unique normalized name,,,Taj Bradley,MIN,SP,SP,671737,22543,Razzball only
Damiano Palmegiani,,,671913,missing_BBRefID,,,Damiano Palmegiani,TOR,1B,1B,671913,sa3017326,Razzball only
Adam Macko,TEXTOR,mackoad01,671936,Pitching Unique normalized name,,,Adam Macko,TEX,RP,RP,671936,25590,Razzball only
Reid Detmers,LAA,detmere01,672282,Pitching Unique normalized name,,,Reid Detmers,LAA,SP,SP,672282,27468,Razzball only
Cionel Perez,NYMWSN,perezci01,672335,Pitching Unique normalized name,,,Cionel Perez,NYM,RP,RP,672335,19614,Razzball only
Tirso Ornelas,,,672359,missing_BBRefID,,,Tirso Ornelas,SD,OF,OF,672359,22566,Razzball only
Kaleb Ort,,,672391,missing_BBRefID,,,Kaleb Ort,LAA,RP,RP,672391,20061,Razzball only
Keider Montero,DET,monteke01,672456,Pitching Unique normalized name,,,Keider Montero,DET,SP,SP,672456,22630,Razzball only
Jordan Diaz,,,672478,missing_BBRefID,,,Jordan Diaz,ATH,DH,3B,672478,22650,Razzball only
Helcris Olivarez,,,672487,missing_BBRefID,,,Helcris Olivarez,KC,RP,RP,672487,sa3002965,Razzball only
Jhon Torres,,,672536,missing_BBRefID,,,Jhon Torres,STL,OF,OF,672536,,Razzball only
Carlos Hernandez,,,672578,missing_BBRefID,,,Carlos Hernandez,CLE,RP,RP,672578,22713,Razzball only
Angel Zerpa,,,672582,missing_BBRefID,,,Angel Zerpa,MIL,RP,RP,672582,22717,Razzball only
Gerardo Carrillo,ARI,carrige01,672629,Pitching Unique normalized name,,,Gerardo Carrillo,ARI,RP,RP,672629,22754,Razzball only
Jose Devers,,,672701,missing_BBRefID,,,Jose Devers,ATL,2B,2B,672701,20540,Razzball only
Yoendrys Gomez,MINTBR,gomezyo01,672782,Pitching Unique normalized name,,,Yoendrys Gomez,MIN,SP,SP,672782,22872,Razzball only
Francisco Morales,,,672839,missing_BBRefID,,,Francisco Morales,ARI,RP,RP,672839,22913,Razzball only
Carlos Vargas,SEA,vargaca01,672841,Pitching Unique normalized name,,,Carlos Vargas,SEA,RP,RP,672841,22915,Razzball only
Prelander Berroa,,,672860,missing_BBRefID,,,Prelander Berroa,CHW,RP,RP,672860,22932,Razzball only
Dedniel Nunez,NYM,nunezde01,673380,Pitching Unique normalized name,,,Dedniel Nunez,NYM,RP,RP,673380,23055,Razzball only
Yuki Matsui,SDP,matsuyu01,673513,Pitching Unique normalized name,,,Yuki Matsui,SD,RP,RP,673513,33826,Razzball only
Jordan Leasure,CHW,leasujo01,673929,Pitching Unique normalized name,,,Jordan Leasure,CHW,RP,RP,673929,29950,Razzball only
Caleb Freeman,,,673965,missing_BBRefID,,,Caleb Freeman,TOR,RP,RP,673965,26255,Razzball only
Cody Bradford,TEX,bradfco01,674003,Pitching Unique normalized name,,,Cody Bradford,TEX,SP,SP,674003,27597,Razzball only
Tommy Henry,,,674072,missing_BBRefID,,,Tommy Henry,ARI,RP,RP,674072,26285,Razzball only
Eduardo Salazar,,,674285,missing_BBRefID,,,Eduardo Salazar,MIN,SP,SP,674285,23135,Razzball only
Osvaldo Bido,,,674370,missing_BBRefID,,,Osvaldo Bido,CHW,RP,RP,674370,23150,Razzball only
Eduarniel Nunez,,,674384,missing_BBRefID,,,Eduarniel Nunez,CHC,RP,RP,674384,23162,Razzball only
Jacob Hurtubise,,,674441,missing_BBRefID,,,Jacob Hurtubise,MIL,OF,OF,674441,27599,Razzball only
Steven Cruz,KCR,cruzst01,674444,Pitching Unique normalized name,,,Steven Cruz,KC,RP,RP,674444,23165,Razzball only
Michael Plassmeyer,,,674681,missing_BBRefID,,,Michael Plassmeyer,SEA,SP,SP,674681,23191,Razzball only
Andrew Alvarez,WSN,alvaran01,674841,Pitching Unique normalized name,,,Andrew Alvarez,WSH,SP,SP,674841,29914,Razzball only
Jonathon Long,,,675085,missing_BBRefID,,,Jonathon Long,MIA,1B,1B,675085,sa3022864,Razzball only
Troy Melton,DET,meltotr01,675512,Pitching Unique normalized name,,,Troy Melton,DET,SP,SP,675512,31807,Razzball only
Xzavion Curry,NYM,curryxz01,675540,Pitching Unique normalized name,,,Xzavion Curry,NYM,SP,SP,675540,25595,Razzball only
Michael Grove,,,675627,missing_BBRefID,,,Michael Grove,ATL,RP,RP,675627,23221,Razzball only
Michael Mercado,,,675650,missing_BBRefID,,,Michael Mercado,PHI,RP,RP,675650,23223,Razzball only
Shane Drohan,MIL,drohash01,675660,Pitching Unique normalized name,,,Shane Drohan,MIL,SP,SP,675660,27814,Razzball only
Juan Mejia,COL,mejiaju01,675848,Pitching Unique normalized name,,,Juan Mejia,COL,RP,RP,675848,23237,Razzball only
Spencer Strider,ATL,stridsp01,675911,Pitching Unique normalized name,,,Spencer Strider,ATL,SP,SP,675911,27498,Razzball only
David Banuelos,,,675915,missing_BBRefID,,,David Banuelos,MIN,DH,C,675915,23250,Razzball only
James Karinchak,,,675916,missing_BBRefID,,,James Karinchak,ATL,RP,RP,675916,20151,Razzball only
Cody Bolton,HOU,boltoco01,675989,Pitching Unique normalized name,,,Cody Bolton,HOU,RP,RP,675989,23265,Razzball only
Griff McGarry,,,676046,missing_BBRefID,,,Griff McGarry,LAD,RP,RP,676046,sa3017130,Razzball only
Packy Naughton,,,676050,missing_BBRefID,,,Packy Naughton,STL,RP,RP,676050,23292,Razzball only
Codi Heuer,,,676051,missing_BBRefID,,,Codi Heuer,BAL,RP,RP,676051,23293,Razzball only
Jordan Westburg,,,676059,missing_BBRefID,,,Jordan Westburg,BAL,3B,2B/3B,676059,27815,Razzball only
Janson Junk,MIA,junkja01,676083,Pitching Unique normalized name,,,Janson Junk,MIA,SP,SP,676083,23301,Razzball only
Collin Snider,,,676092,missing_BBRefID,,,Collin Snider,CHC,RP,RP,676092,23307,Razzball only
Jeff Criswell,,,676105,missing_BBRefID,,,Jeff Criswell,COL,RP,RP,676105,27608,Razzball only
Emerson Hancock,SEA,hancoem01,676106,Pitching Unique normalized name,,,Emerson Hancock,SEA,SP,SP,676106,27470,Razzball only
Zach DeLoach,,,676113,missing_BBRefID,,,Zach DeLoach,CHW,OF,OF,676113,27471,Razzball only
Ryan Noda,,,676116,missing_BBRefID,,,Ryan Noda,BAL,1B,1B/OF,676116,23312,Razzball only
Jose Butto,,,676130,missing_BBRefID,,,Jose Butto,SF,RP,RP,676130,23313,Razzball only
Seth Elledge,,,676220,missing_BBRefID,,,Seth Elledge,ATH,RP,RP,676220,19766,Razzball only
Ryan Walker,SFG,walkery01,676254,Pitching Unique normalized name,,,Ryan Walker,SF,RP,RP,676254,20423,Razzball only
Bobby Miller,,,676272,missing_BBRefID,,,Bobby Miller,LAD,RP,RP,676272,27483,Razzball only
Joey Cantillo,CLE,cantijo01,676282,Pitching Unique normalized name,,,Joey Cantillo,CLE,SP,SP,676282,23335,Razzball only
Robert Garcia,,,676395,missing_BBRefID,,,Robert Garcia,TEX,RP,RP,676395,23363,Razzball only
Tanner Bibee,CLE,bibeeta01,676440,Pitching Unique normalized name,,,Tanner Bibee,CLE,SP,SP,676440,30134,Razzball only
Jack Winkler,,,676466,missing_BBRefID,,,Jack Winkler,ATH,2B,2B,676466,29830,Razzball only
Colton Gordon,HOUMIL,gordoco01,676467,Pitching Unique normalized name,,,Colton Gordon,MIL,SP,SP,676467,31312,Razzball only
Ben Casparius,,,676508,missing_BBRefID,,,Ben Casparius,LAD,RP,RP,676508,30085,Razzball only
Nolan Hoffman,,,676510,missing_BBRefID,,,Nolan Hoffman,KC,RP,RP,676510,23381,Razzball only
Calvin Faucher,MIA,fauchca01,676534,Pitching Unique normalized name,,,Calvin Faucher,MIA,RP,RP,676534,20116,Razzball only
PJ Poulin,WSN,poulipj01,676571,Pitching Unique normalized name,,,PJ Poulin,WSH,RP,RP,676571,23394,Razzball only
Josh Fleming,,,676596,missing_BBRefID,,,Josh Fleming,STL,RP,RP,676596,20418,Razzball only
Tyler Zuber,MIA,zuberty01,676604,Pitching Unique normalized name,,,Tyler Zuber,MIA,RP,RP,676604,20379,Razzball only
Bligh Madris,,,676632,missing_BBRefID,,,Bligh Madris,STL,1B,1B,676632,20054,Razzball only
Max Lazar,,,676661,missing_BBRefID,,,Max Lazar,PHI,RP,RP,676661,23426,Razzball only
JP Sears,SDP,searsjp01,676664,Pitching Unique normalized name,,,JP Sears,SD,SP,SP,676664,23429,Razzball only
Tom Cosgrove,WSN,cosgrto01,676680,Pitching Unique normalized name,,,Tom Cosgrove,WSH,RP,RP,676680,23443,Razzball only
Hunter Stratton,,,676702,missing_BBRefID,,,Hunter Stratton,SD,RP,RP,676702,23455,Razzball only
Kutter Crawford,,,676710,missing_BBRefID,,,Kutter Crawford,BOS,SP,SP,676710,20531,Razzball only
Cam Sanders,BALPIT,sandeca01,676742,Pitching Unique normalized name,,,Cam Sanders,BAL,RP,RP,676742,23479,Razzball only
Isaac Mattson,PIT,mattsis01,676755,Pitching Unique normalized name,,,Isaac Mattson,PIT,RP,RP,676755,20385,Razzball only
Ron Marinaccio,CINPITSDP,marinro01,676760,Pitching Unique normalized name,,,Ron Marinaccio,MIN,RP,RP,676760,23488,Razzball only
Chas McCormick,,,676801,missing_BBRefID,,,Chas McCormick,CHC,OF,OF,676801,19599,Razzball only
Kodi Whitley,,,676831,missing_BBRefID,,,Kodi Whitley,TB,RP,RP,676831,19731,Razzball only
Cade Cavalli,WSN,cavalca01,676917,Pitching Unique normalized name,,,Cade Cavalli,WSH,SP,SP,676917,27473,Razzball only
Matthew Batten,,,676946,missing_BBRefID,,,Matthew Batten,ATL,1B,1B,676946,20157,Razzball only
Ben Brown,CHC,brownbe02,676962,Pitching Unique normalized name,,,Ben Brown,CHC,SP,SP,676962,23590,Razzball only
Max Meyer,MIA,meyerma01,676974,Pitching Unique normalized name,,,Max Meyer,MIA,SP,SP,676974,27474,Razzball only
Garrett Crochet,BOS,crochga01,676979,Pitching Unique normalized name,,,Garrett Crochet,BOS,SP,SP,676979,27463,Razzball only
Josh Walker,BAL,walkejo03,677020,Pitching Unique normalized name,,,Josh Walker,BAL,RP,RP,677020,23617,Razzball only
Andrew Nardi,MIA,nardian01,677053,Pitching Unique normalized name,,,Andrew Nardi,MIA,RP,RP,677053,25942,Razzball only
Zack Kelly,BOS,kellyza01,677161,Pitching Unique normalized name,,,Zack Kelly,BOS,RP,RP,677161,20349,Razzball only
Wander Franco,,,677551,missing_BBRefID,,,Wander Franco,TB,DH,SS,677551,23667,Razzball only
Kristian Robinson,,,677565,missing_BBRefID,,,Kristian Robinson,ARI,OF,OF,677565,sa3006884,Razzball only
Eddy Diaz,,,677647,missing_BBRefID,,,Eddy Diaz,COL,SS,SS,677647,,Razzball only
Luis Garcia,,,677651,missing_BBRefID,,,Luis Garcia,NYY,SP,SP,677651,23735,Razzball only
Justin Bruihl,STL,bruihju01,677865,Pitching Unique normalized name,,,Justin Bruihl,STL,RP,RP,677865,23779,Razzball only
Jordyn Adams,,,677941,missing_BBRefID,,,Jordyn Adams,MIL,OF,OF,677941,23788,Razzball only
Slade Cecconi,CLE,ceccosl01,677944,Pitching Unique normalized name,,,Slade Cecconi,CLE,SP,SP,677944,27500,Razzball only
Braxton Ashcraft,PIT,ashcrbr01,677952,Pitching Unique normalized name,,,Braxton Ashcraft,PIT,SP,SP,677952,23793,Razzball only
Jordan Groshans,,,677954,missing_BBRefID,,,Jordan Groshans,ATL,3B,3B,677954,23794,Razzball only
Kumar Rocker,TEX,rockeku01,677958,Pitching Unique normalized name,,,Kumar Rocker,TEX,SP,SP,677958,31843,Razzball only
Ryan Weathers,NYY,weathry01,677960,Pitching Unique normalized name,,,Ryan Weathers,NYY,SP,SP,677960,23796,Razzball only
Cole Wilcox,SEA,wilcoco01,677961,Pitching Unique normalized name,,,Cole Wilcox,SEA,RP,RP,677961,27481,Razzball only
Randy Dobnak,KCR,dobnara01,677976,Pitching Unique normalized name,,,Randy Dobnak,KC,SP,SP,677976,23798,Razzball only
Nick Schnell,,,678010,missing_BBRefID,,,Nick Schnell,SD,OF,OF,678010,sa3007639,Razzball only
Seth Halvorsen,COLLAD,halvose01,678020,Pitching Unique normalized name,,,Seth Halvorsen,LAD,RP,RP,678020,33294,Razzball only
Mike Vasil,,,678024,missing_BBRefID,,,Mike Vasil,CHW,RP,RP,678024,30105,Razzball only
Ray Kerr,,,678061,missing_BBRefID,,,Ray Kerr,ATL,RP,RP,678061,23809,Razzball only
Omar Cruz,,,678316,missing_BBRefID,,,Omar Cruz,SD,RP,RP,678316,23875,Razzball only
Valente Bellozo,,,678368,missing_BBRefID,,,Valente Bellozo,COL,RP,RP,678368,23899,Razzball only
Brayan Bello,BOS,bellobr01,678394,Pitching Unique normalized name,,,Brayan Bello,BOS,SP,SP,678394,23920,Razzball only
Randy Rodriguez,,,678495,missing_BBRefID,,,Randy Rodriguez,SF,RP,RP,678495,23974,Razzball only
Jose A. Ferrer,SEA,ferrejo01,678606,Pitching Unique normalized name,,,Jose A. Ferrer,SEA,RP,RP,678606,24017,Razzball only
Ronny Henriquez,,,678692,missing_BBRefID,,,Ronny Henriquez,MIA,RP,RP,678692,24094,Razzball only
Luis Peralta,,,678821,missing_BBRefID,,,Luis Peralta,CHC,RP,RP,678821,24203,Razzball only
Jhonkensy Noel,,,678877,missing_BBRefID,,,Jhonkensy Noel,BAL,OF,1B/OF,678877,24257,Razzball only
Liover Peguero,,,678894,missing_BBRefID,,,Liover Peguero,PHI,SS,1B/2B/SS,678894,24273,Razzball only
Kai-Wei Teng,HOU,tengka01,678906,Pitching Unique normalized name,,,Kai-Wei Teng,HOU,SP,SP,678906,24282,Razzball only
Johan Rojas,,,679032,missing_BBRefID,,,Johan Rojas,PHI,OF,OF,679032,24336,Razzball only
Eric Orze,MIN,orzeer01,679358,Pitching Unique normalized name,,,Eric Orze,MIN,RP,RP,679358,27626,Razzball only
Alec Marsh,,,679525,missing_BBRefID,,,Alec Marsh,KC,SP,SP,679525,27451,Razzball only
Jose Rodriguez,,,679563,missing_BBRefID,,,Jose Rodriguez,PHI,2B,2B,679563,,Razzball only
Kyle Backhus,PHI,backhky01,679775,Pitching Unique normalized name,,,Kyle Backhus,PHI,RP,RP,679775,29615,Razzball only
Luinder Avila,KCR,avilalu02,679883,Pitching Unique normalized name,,,Luinder Avila,KC,SP,SP,679883,24452,Razzball only
Justin Martinez,ARI,martiju01,679885,Pitching Unique normalized name,,,Justin Martinez,ARI,RP,RP,679885,24453,Razzball only
Carlos Duran,,,679922,missing_BBRefID,,,Carlos Duran,KC,RP,RP,679922,24458,Razzball only
Evan McKendry,,,679928,missing_BBRefID,,,Evan McKendry,MIA,SP,SP,679928,sa3010787,Razzball only
Jackson Wolf,,,680232,missing_BBRefID,,,Jackson Wolf,DET,RP,RP,680232,29832,Razzball only
Grayson Rodriguez,LAA,rodrigr01,680570,Pitching Unique normalized name,,,Grayson Rodriguez,LAA,SP,SP,680570,24492,Razzball only
Adam Kloffenstein,,,680572,missing_BBRefID,,,Adam Kloffenstein,NYY,RP,RP,680572,24493,Razzball only
Simeon Woods Richardson,MINTOR,woodssi01,680573,Pitching Unique normalized name,,,Simeon Woods Richardson,SEA,RP,RP,680573,24494,Razzball only
Gunnar Hoglund,,,680684,missing_BBRefID,,,Gunnar Hoglund,ATH,SP,SP,680684,31318,Razzball only
Josiah Gray,,,680686,missing_BBRefID,,,Josiah Gray,WSH,SP,SP,680686,24580,Razzball only
Brennen Davis,,,680695,missing_BBRefID,,,Brennen Davis,SEA,OF,OF,680695,sa3007876,Razzball only
John Rooney,,,680701,missing_BBRefID,,,John Rooney,TB,RP,RP,680701,24590,Razzball only
Nick Sandlin,,,680704,missing_BBRefID,,,Nick Sandlin,DET,RP,RP,680704,20517,Razzball only
Drew Rom,ATHMIL,romdr01,680723,Pitching Unique normalized name,,,Drew Rom,ATH,RP,RP,680723,24602,Razzball only
Garrett McDaniels,,,680729,missing_BBRefID,,,Garrett McDaniels,LAD,RP,RP,680729,31751,Razzball only
Mitchell Parker,WSN,parkemi01,680730,Pitching Unique normalized name,,,Mitchell Parker,WSH,SP,SP,680730,27636,Razzball only
Sean Burke,CHW,burkese01,680732,Pitching Unique normalized name,,,Sean Burke,CHW,SP,SP,680732,29878,Razzball only
Austin Cox,,,680735,missing_BBRefID,,,Austin Cox,ATL,RP,RP,680735,24604,Razzball only
Justin Wrobleski,LAD,wroblju01,680736,Pitching Unique normalized name,,,Justin Wrobleski,LAD,SP,SP,680736,31204,Razzball only
Jonathan Bowlan,PHI,bowlajo01,680742,Pitching Unique normalized name,,,Jonathan Bowlan,PHI,RP,RP,680742,24607,Razzball only
Ty Madden,DET,maddety01,680744,Pitching Unique normalized name,,,Ty Madden,DET,RP,RP,680744,30140,Razzball only
Braydon Fisher,TOR,fishebr02,680755,Pitching Unique normalized name,,,Braydon Fisher,TOR,RP,RP,680755,24609,Razzball only
CJ Alexander,,,680769,missing_BBRefID,,,CJ Alexander,HOU,3B,3B,680769,20557,Razzball only
Ryan Weiss,HOU,weissry01,680802,Pitching Unique normalized name,,,Ryan Weiss,HOU,RP,RP,680802,24621,Razzball only
Ryan Fitzgerald,,,680837,missing_BBRefID,,,Ryan Fitzgerald,LAD,SS,2B/SS,680837,24622,Razzball only
Willie MacIver,,,680862,missing_BBRefID,,,Willie MacIver,SEA,C,C,680862,24641,Razzball only
Grant Holman,,,680880,missing_BBRefID,,,Grant Holman,PHI,RP,RP,680880,30002,Razzball only
Spencer Schwellenbach,,,680885,missing_BBRefID,,,Spencer Schwellenbach,ATL,SP,SP,680885,31846,Razzball only
Jack Neely,,,680891,missing_BBRefID,,,Jack Neely,CHC,RP,RP,680891,30106,Razzball only
Erik Tolman,WSN,tolmaer01,680899,Pitching Unique normalized name,,,Erik Tolman,WSH,RP,RP,680899,32065,Razzball only
Franco Aleman,CLE,alemafr01,680916,Pitching Unique normalized name,,,Franco Aleman,CLE,RP,RP,680916,30195,Razzball only
Doug Nikhazy,,,680951,missing_BBRefID,,,Doug Nikhazy,CHC,RP,RP,680951,30142,Razzball only
Kelvin Caceres,,,680983,missing_BBRefID,,,Kelvin Caceres,LAA,RP,RP,680983,24681,Razzball only
Josh Simpson,,,681006,missing_BBRefID,,,Josh Simpson,SEA,RP,RP,681006,25957,Razzball only
Christian Scott,NYM,scottch01,681035,Pitching Unique normalized name,,,Christian Scott,NYM,SP,SP,681035,30107,Razzball only
Ky Bush,,,681066,missing_BBRefID,,,Ky Bush,CHW,SP,SP,681066,29823,Razzball only
Jayden Murray,CHCHOU,murraja01,681151,Pitching Unique normalized name,,,Jayden Murray,CHC,RP,RP,681151,26482,Razzball only
Luis Curvelo,,,681168,missing_BBRefID,,,Luis Curvelo,TEX,RP,RP,681168,24710,Razzball only
Chase Silseth,LAATEX,silsech01,681217,Pitching Unique normalized name,,,Chase Silseth,TEX,RP,RP,681217,30074,Razzball only
Spencer Arrighetti,HOUTOR,arrigsp01,681293,Pitching Unique normalized name,,,Spencer Arrighetti,TOR,SP,SP,681293,29921,Razzball only
Nate Lavender,NYM,lavenna01,681320,Pitching Unique normalized name,,,Nate Lavender,NYM,RP,RP,681320,30109,Razzball only
Shane Smith,,,681343,missing_BBRefID,,,Shane Smith,CHW,SP,SP,681343,31687,Razzball only
Mike Burrows,HOU,burromi01,681347,Pitching Unique normalized name,,,Mike Burrows,HOU,SP,SP,681347,24728,Razzball only
Dom Keegan,,,681371,missing_BBRefID,,,Dom Keegan,BAL,C,C,681371,sa3020194,Razzball only
Luke Little,,,681432,missing_BBRefID,,,Luke Little,KC,RP,RP,681432,28036,Razzball only
Brooks Baldwin,,,681460,missing_BBRefID,,,Brooks Baldwin,CHW,OF,OF,681460,31394,Razzball only
Kyle Leahy,STL,leahyky01,681517,Pitching Unique normalized name,,,Kyle Leahy,STL,SP,SP,681517,24763,Razzball only
Antoine Kelly,,,681520,missing_BBRefID,,,Antoine Kelly,CHC,RP,RP,681520,25611,Razzball only
Bryan Lavastida,,,681526,missing_BBRefID,,,Bryan Lavastida,ATH,C,C,681526,24765,Razzball only
Ryan Fernandez,STL,fernary01,681676,Pitching Unique normalized name,,,Ryan Fernandez,STL,RP,RP,681676,24862,Razzball only
Lazaro Estrada,,,681751,missing_BBRefID,,,Lazaro Estrada,TOR,SP,SP,681751,24914,Razzball only
Ethan Roberts,CHC,roberet01,681799,Pitching Unique normalized name,,,Ethan Roberts,CHC,RP,RP,681799,24930,Razzball only
Andrew Wantz,,,681806,missing_BBRefID,,,Andrew Wantz,CHC,RP,RP,681806,24933,Razzball only
Reese Olson,,,681857,missing_BBRefID,,,Reese Olson,DET,SP,SP,681857,24968,Razzball only
Cooper Criswell,SEA,criswco01,681867,Pitching Unique normalized name,,,Cooper Criswell,SEA,RP,RP,681867,24975,Razzball only
Shawn Dubin,,,681869,missing_BBRefID,,,Shawn Dubin,WSH,RP,RP,681869,24977,Razzball only
Colin Selby,,,681882,missing_BBRefID,,,Colin Selby,BAL,RP,RP,681882,24986,Razzball only
Kody Funderburk,MIN,fundeko01,681892,Pitching Unique normalized name,,,Kody Funderburk,MIN,RP,RP,681892,24993,Razzball only
Evan Sisk,PIT,siskev01,681895,Pitching Unique normalized name,,,Evan Sisk,PIT,RP,RP,681895,24995,Razzball only
Vinny Capra,,,681962,missing_BBRefID,,,Vinny Capra,BOS,3B,SS/3B,681962,25040,Razzball only
Grant Anderson,MIL,andergr01,681982,Pitching Unique normalized name,,,Grant Anderson,MIL,RP,RP,681982,20546,Razzball only
Jacob Lopez,ATH,lopezja04,682052,Pitching Unique normalized name,,,Jacob Lopez,ATH,SP,SP,682052,25098,Razzball only
Levi Jordan,,,682119,missing_BBRefID,,,Levi Jordan,WSH,OF,OF,682119,25138,Razzball only
Tim Herrin,CLE,herriti01,682120,Pitching Unique normalized name,,,Tim Herrin,CLE,RP,RP,682120,25139,Razzball only
Evan Reifert,,,682126,missing_BBRefID,,,Evan Reifert,TB,RP,RP,682126,sa3014860,Razzball only
Jayvien Sandridge,,,682144,missing_BBRefID,,,Jayvien Sandridge,BAL,RP,RP,682144,25158,Razzball only
Joe Jacques,,,682175,missing_BBRefID,,,Joe Jacques,NYM,RP,RP,682175,25178,Razzball only
Drew Avans,,,682183,missing_BBRefID,,,Drew Avans,COL,OF,OF,682183,25183,Razzball only
Brandon Williamson,CIN,willibr02,682227,Pitching Unique normalized name,,,Brandon Williamson,CIN,SP,SP,682227,25463,Razzball only
Bryce Miller,SEA,millebr04,682243,Pitching Unique normalized name,,,Bryce Miller,SEA,SP,SP,682243,29837,Razzball only
Mason Montgomery,PIT,montgma01,682254,Pitching Unique normalized name,,,Mason Montgomery,PIT,RP,RP,682254,29770,Razzball only
Yaramil Hiraldo,BAL,hiralya01,682274,Pitching Unique normalized name,,,Yaramil Hiraldo,BAL,RP,RP,682274,25215,Razzball only
Domingo Gonzalez,,,682445,missing_BBRefID,,,Domingo Gonzalez,SEA,RP,RP,682445,25241,Razzball only
Jackson Rees,,,682448,missing_BBRefID,,,Jackson Rees,BAL,RP,RP,682448,sa3007818,Razzball only
Peyton Gray,TEX,graype02,682608,Pitching Unique normalized name,,,Peyton Gray,TEX,RP,RP,682608,25310,Razzball only
Roddery Munoz,,,682610,missing_BBRefID,,,Roddery Munoz,HOU,RP,RP,682610,25311,Razzball only
Diego Cartaya,,,682616,missing_BBRefID,,,Diego Cartaya,SF,C,C,682616,sa3008742,Razzball only
Marco Luciano,,,682617,missing_BBRefID,,,Marco Luciano,NYY,SS,SS,682617,25616,Razzball only
Orelvis Martinez,,,682619,missing_BBRefID,,,Orelvis Martinez,WSH,2B,2B,682619,25967,Razzball only
Richard Gallardo,,,682620,missing_BBRefID,,,Richard Gallardo,TOR,SP,SP,682620,sa3009990,Razzball only
Gabriel Rodriguez,,,682621,missing_BBRefID,,,Gabriel Rodriguez,CLE,3B,3B,682621,sa3008744,Razzball only
Alexander Ramirez,,,682643,missing_BBRefID,,,Alexander Ramirez,CHC,OF,OF,682643,sa3008757,Razzball only
Warming Bernabel,,,682653,missing_BBRefID,,,Warming Bernabel,WSH,1B,1B,682653,26536,Razzball only
Eiberson Castellano,,,682769,missing_BBRefID,,,Eiberson Castellano,COL,RP,RP,682769,28040,Razzball only
Wikelman Gonzalez,,,682790,missing_BBRefID,,,Wikelman Gonzalez,MIA,RP,RP,682790,26641,Razzball only
Luis Mey,CIN,meylu01,682825,Pitching Unique normalized name,,,Luis Mey,CIN,RP,RP,682825,25620,Razzball only
Luis L. Ortiz,,,682847,missing_BBRefID,,,Luis L. Ortiz,CLE,SP,SP,682847,27646,Razzball only
Bryan Ramos,,,682868,missing_BBRefID,,,Bryan Ramos,BAL,3B,3B,682868,25621,Razzball only
Devin Sweet,,,682967,missing_BBRefID,,,Devin Sweet,BOS,RP,RP,682967,25348,Razzball only
Daniel Espino,CLE,espinda02,682982,Pitching Unique normalized name,,,Daniel Espino,CLE,RP,RP,682982,25625,Razzball only
Quinn Priester,,,682990,missing_BBRefID,,,Quinn Priester,MIL,SP,SP,682990,25977,Razzball only
Hunter Barco,PIT,barcohu01,682995,Pitching Unique normalized name,,,Hunter Barco,PIT,RP,RP,682995,33174,Razzball only
Riley Cornelio,WSN,corneri01,683000,Pitching Unique normalized name,,,Riley Cornelio,WSH,RP,RP,683000,31953,Razzball only
Jared Jones,PIT,jonesja09,683003,Pitching Unique normalized name,,,Jared Jones,PIT,SP,SP,683003,27863,Razzball only
Jack Leiter,TEX,leiteja01,683004,Pitching Unique normalized name,,,Jack Leiter,TEX,SP,SP,683004,30146,Razzball only
Alexander Vargas,,,683061,missing_BBRefID,,,Alexander Vargas,CIN,SS,SS,683061,sa3008851,Razzball only
Zach Penrod,,,683068,missing_BBRefID,,,Zach Penrod,WSH,RP,RP,683068,25368,Razzball only
Joey Estes,,,683155,missing_BBRefID,,,Joey Estes,ATH,SP,SP,683155,26257,Razzball only
Connor Phillips,CIN,phillco01,683175,Pitching Unique normalized name,,,Connor Phillips,CIN,RP,RP,683175,27649,Razzball only
Nick Mears,KCR,mearsni01,683232,Pitching Unique normalized name,,,Nick Mears,KC,RP,RP,683232,25376,Razzball only
Mitch Bratt,ARI,brattmi01,683352,Pitching Unique normalized name,,,Mitch Bratt,ARI,SP,SP,683352,30003,Razzball only
Angel Chivilli,NYY,chivian01,683409,Pitching Unique normalized name,,,Angel Chivilli,NYY,RP,RP,683409,26790,Razzball only
Oscar Hernandez,,,683427,missing_BBRefID,,,Oscar Hernandez,KC,C,C,683427,sa3010155,Razzball only
Jairo Iriarte,,,683568,missing_BBRefID,,,Jairo Iriarte,CHW,RP,RP,683568,26907,Razzball only
Anthony Molina,ATLSFG,molinan01,683627,Pitching Unique normalized name,,,Anthony Molina,SF,SP,SP,683627,26952,Razzball only
Royber Salinas,,,683690,missing_BBRefID,,,Royber Salinas,ATL,SP,SP,683690,sa3009243,Razzball only
Jose Franco,CIN,francjo02,683742,Pitching Unique normalized name,,,Jose Franco,CIN,RP,RP,683742,27014,Razzball only
Matt Canterino,,,683764,missing_BBRefID,,,Matt Canterino,MIN,SP,SP,683764,,Razzball only
Hunter Gaddis,CLE,gaddihu01,683769,Pitching Unique normalized name,,,Hunter Gaddis,CLE,RP,RP,683769,25636,Razzball only
Will Robertson,,,683770,missing_BBRefID,,,Will Robertson,BAL,OF,OF,683770,25467,Razzball only
Shota Imanaga,CHC,imanash01,684007,Pitching Unique normalized name,,,Shota Imanaga,CHC,SP,SP,684007,33829,Razzball only
Brandan Bidois,PIT,bidoibr01,684049,Pitching Unique normalized name,,,Brandan Bidois,MIA,RP,RP,684049,28052,Razzball only
Yariel Rodriguez,,,684320,missing_BBRefID,,,Yariel Rodriguez,TOR,RP,RP,684320,33838,Razzball only
Kohl Drake,ARI,drakeko01,684442,Pitching Unique normalized name,,,Kohl Drake,ARI,SP,SP,684442,32070,Razzball only
Craig Yoho,CLEMIL,yohocr01,684974,Pitching Unique normalized name,,,Craig Yoho,CLE,RP,RP,684974,33248,Razzball only
Christian Roa,,,685005,missing_BBRefID,,,Christian Roa,HOU,RP,RP,685005,27662,Razzball only
Anthony Veneziano,,,685107,missing_BBRefID,,,Anthony Veneziano,TEX,RP,RP,685107,27453,Razzball only
Austin Kitchen,,,685116,missing_BBRefID,,,Austin Kitchen,SEA,SP,SP,685116,27910,Razzball only
Braiden Ward,,,685274,missing_BBRefID,,,Braiden Ward,BOS,OF,OF,685274,sa3017332,Razzball only
Tanner Gordon,COL,gordota01,685299,Pitching Unique normalized name,,,Tanner Gordon,COL,SP,SP,685299,27669,Razzball only
Matt Gorski,,,685301,missing_BBRefID,,,Matt Gorski,LAD,1B,1B,685301,25855,Razzball only
Andrew Saalfrank,,,685314,missing_BBRefID,,,Andrew Saalfrank,ARI,RP,RP,685314,26203,Razzball only
McCade Brown,,,685326,missing_BBRefID,,,McCade Brown,COL,SP,SP,685326,30004,Razzball only
Misael Tamarez,,,685377,missing_BBRefID,,,Misael Tamarez,SD,RP,RP,685377,sa3009632,Razzball only
Cade Winquest,STL,winquca01,685464,Pitching Unique normalized name,,,Cade Winquest,STL,RP,RP,685464,31850,Razzball only
Kenedy Corona,,,685744,missing_BBRefID,,,Kenedy Corona,NYY,OF,OF,685744,26244,Razzball only
Hunter Bigge,TBR,biggehu01,685801,Pitching Unique normalized name,,,Hunter Bigge,ATH,RP,RP,685801,26259,Razzball only
Emmet Sheehan,LAD,sheehem01,686218,Pitching Unique normalized name,,,Emmet Sheehan,LAD,SP,SP,686218,29839,Razzball only
Juan Burgos,,,686228,missing_BBRefID,,,Juan Burgos,ARI,RP,RP,686228,27271,Razzball only
Amos Willingham,,,686294,missing_BBRefID,,,Amos Willingham,MIA,RP,RP,686294,26128,Razzball only
Logan Driscoll,,,686482,missing_BBRefID,,,Logan Driscoll,MIA,C,C,686482,25475,Razzball only
Declan Cronin,,,686539,missing_BBRefID,,,Declan Cronin,TEX,RP,RP,686539,25645,Razzball only
Gavin Collyer,TEX,collyga01,686560,Pitching Unique normalized name,,,Gavin Collyer,TEX,RP,RP,686560,26349,Razzball only
Jonathan Cannon,,,686563,missing_BBRefID,,,Jonathan Cannon,CHW,SP,SP,686563,31730,Razzball only
Justin Slaten,BOS,slateju01,686580,Pitching Unique normalized name,,,Justin Slaten,BOS,RP,RP,686580,25648,Razzball only
Ken Waldichuk,,,686610,missing_BBRefID,,,Ken Waldichuk,WSH,RP,RP,686610,27681,Razzball only
Hunter Brown,HOU,brownhu01,686613,Pitching Unique normalized name,,,Hunter Brown,HOU,SP,SP,686613,25880,Razzball only
Levi Stoudt,,,686651,missing_BBRefID,,,Levi Stoudt,PHI,SP,SP,686651,25650,Razzball only
Ty Adcock,,,686654,missing_BBRefID,,,Ty Adcock,SD,RP,RP,686654,25651,Razzball only
Korey Lee,,,686676,missing_BBRefID,,,Korey Lee,CHW,C,C,686676,25543,Razzball only
Ryan Bergert,,,686701,missing_BBRefID,,,Ryan Bergert,KC,RP,RP,686701,29863,Razzball only
Carson Spiers,,,686730,missing_BBRefID,,,Carson Spiers,CIN,RP,RP,686730,27685,Razzball only
Seth Johnson,ATHPHI,johnsse01,686751,Pitching Unique normalized name,,,Seth Johnson,ATH,RP,RP,686751,26020,Razzball only
Ryan Pepiot,,,686752,missing_BBRefID,,,Ryan Pepiot,TB,SP,SP,686752,26221,Razzball only
Drey Jameson,ARI,jamesdr01,686753,Pitching Unique normalized name,,,Drey Jameson,ARI,RP,RP,686753,26260,Razzball only
Trevor McDonald,SFG,mcdontr01,686790,Pitching Unique normalized name,,,Trevor McDonald,SF,SP,SP,686790,26448,Razzball only
Blake Walston,,,686796,missing_BBRefID,,,Blake Walston,ARI,RP,RP,686796,26270,Razzball only
Jack Kochanowicz,LAA,kochaja01,686799,Pitching Unique normalized name,,,Jack Kochanowicz,LAA,SP,SP,686799,27688,Razzball only
Bryce Jarvis,,,686826,missing_BBRefID,,,Bryce Jarvis,ARI,RP,RP,686826,27477,Razzball only
Brendan White,,,686839,missing_BBRefID,,,Brendan White,SEA,SP,SP,686839,26024,Razzball only
Reggie Crawford,,,686846,missing_BBRefID,,,Reggie Crawford,SF,RP,RP,686846,sa3020457,Razzball only
Mason Barnett,ATH,barnema02,686930,Pitching Unique normalized name,,,Mason Barnett,ATH,SP,SP,686930,31741,Razzball only
Cole Waites,,,686972,missing_BBRefID,,,Cole Waites,DET,RP,RP,686972,25665,Razzball only
Louis Varland,TOR,varlalo01,686973,Pitching Unique normalized name,,,Louis Varland,TOR,RP,RP,686973,27691,Razzball only
Justin Sterner,ATH,sternju01,686993,Pitching Unique normalized name,,,Justin Sterner,ATH,RP,RP,686993,27694,Razzball only
Brandon Young,BAL,youngbr01,687064,Pitching Unique normalized name,,,Brandon Young,BAL,SP,SP,687064,27819,Razzball only
Tyler Owens,,,687074,missing_BBRefID,,,Tyler Owens,DET,RP,RP,687074,26030,Razzball only
Brandon Sproat,MIL,sproabr01,687075,Pitching Unique normalized name,,,Brandon Sproat,MIL,SP,SP,687075,33850,Razzball only
Bradley Blalock,,,687134,missing_BBRefID,,,Bradley Blalock,MIA,RP,RP,687134,26419,Razzball only
Evan Justice,,,687145,missing_BBRefID,,,Evan Justice,COL,RP,RP,687145,30008,Razzball only
Austin Pope,,,687166,missing_BBRefID,,,Austin Pope,ATL,SP,SP,687166,26136,Razzball only
Zach Maxwell,,,687209,missing_BBRefID,,,Zach Maxwell,CIN,RP,RP,687209,31610,Razzball only
Carson Palmquist,WSN,palmqca01,687223,Pitching Unique normalized name,,,Carson Palmquist,WSH,RP,RP,687223,31612,Razzball only
K.C. Hunt,,,687268,missing_BBRefID,,,K.C. Hunt,TB,RP,RP,687268,sa3022937,Razzball only
Quinn Mathews,STL,mathequ01,687273,Pitching Unique normalized name,,,Quinn Mathews,STL,SP,SP,687273,33851,Razzball only
Gabriel Hughes,COL,hughega01,687312,Pitching Unique normalized name,,,Gabriel Hughes,COL,SP,SP,687312,31614,Razzball only
Kevin Kelly,TBR,kellyke02,687330,Pitching Unique normalized name,,,Kevin Kelly,TB,RP,RP,687330,25679,Razzball only
Connor Gillispie,,,687362,missing_BBRefID,,,Connor Gillispie,PHI,SP,SP,687362,26171,Razzball only
Chad Bell,,,687382,missing_BBRefID,,,Chad Bell,NYY,3B,3B,687382,,Razzball only
Brent Headrick,NYY,headrbr01,687396,Pitching Unique normalized name,,,Brent Headrick,NYY,RP,RP,687396,27702,Razzball only
Ryan Gusto,MIA,gustory01,687473,Pitching Unique normalized name,,,Ryan Gusto,MIA,SP,SP,687473,26440,Razzball only
Jake Bennett,BOS,benneja01,687562,Pitching Unique normalized name,,,Jake Bennett,BOS,SP,SP,687562,31959,Razzball only
Connor Prielipp,MIN,prielco01,687570,Pitching Unique normalized name,,,Connor Prielipp,MIN,SP,SP,687570,31857,Razzball only
Dom Hamel,,,687589,missing_BBRefID,,,Dom Hamel,NYY,RP,RP,687589,30153,Razzball only
Kaden Polcovich,,,687659,missing_BBRefID,,,Kaden Polcovich,SEA,2B,2B,687659,sa3014496,Razzball only
Jackson Cluff,,,687714,missing_BBRefID,,,Jackson Cluff,CHC,SS,SS,687714,sa3010342,Razzball only
Mitch Spence,,,687765,missing_BBRefID,,,Mitch Spence,KC,SP,SP,687765,27707,Razzball only
DJ Herz,,,687792,missing_BBRefID,,,DJ Herz,WSH,SP,SP,687792,26389,Razzball only
Nick Robertson,,,687798,missing_BBRefID,,,Nick Robertson,LAD,RP,RP,687798,26226,Razzball only
Cade Marlowe,,,687799,missing_BBRefID,,,Cade Marlowe,LAA,OF,OF,687799,25505,Razzball only
Sawyer Gipson-Long,,,687830,missing_BBRefID,,,Sawyer Gipson-Long,DET,RP,RP,687830,26048,Razzball only
Marc Church,,,687847,missing_BBRefID,,,Marc Church,TEX,RP,RP,687847,26353,Razzball only
Porter Hodge,,,687863,missing_BBRefID,,,Porter Hodge,CHC,RP,RP,687863,26413,Razzball only
Brandon Walter,,,687888,missing_BBRefID,,,Brandon Walter,HOU,SP,SP,687888,26056,Razzball only
Bryan King,HOU,kingbr02,687911,Pitching Unique normalized name,,,Bryan King,HOU,RP,RP,687911,25890,Razzball only
Julian Aguiar,,,687924,missing_BBRefID,,,Julian Aguiar,CHC,RP,RP,687924,30031,Razzball only
Carson Whisenhunt,SFG,whiseca01,687931,Pitching Unique normalized name,,,Carson Whisenhunt,SF,SP,SP,687931,31676,Razzball only
Josh White,,,687985,missing_BBRefID,,,Josh White,MIA,RP,RP,687985,31738,Razzball only
Robert Gasser,MIL,gassero01,688107,Pitching Unique normalized name,,,Robert Gasser,MIL,SP,SP,688107,29812,Razzball only
Logan Evans,,,688138,missing_BBRefID,,,Logan Evans,SEA,SP,SP,688138,33699,Razzball only
David Morgan,SDP,morgada01,688158,Pitching Unique normalized name,,,David Morgan,SD,RP,RP,688158,31616,Razzball only
Chris Roycroft,ATHSTLTBR,roycrch01,688297,Pitching Unique normalized name,,,Chris Roycroft,ATH,RP,RP,688297,31261,Razzball only
Gavin Cross,,,688457,missing_BBRefID,,,Gavin Cross,KC,OF,OF,688457,sa3019985,Razzball only
Taylor Rashi,,,688497,missing_BBRefID,,,Taylor Rashi,ATH,RP,RP,688497,26344,Razzball only
Zach Agnos,COL,agnosza01,688642,Pitching Unique normalized name,,,Zach Agnos,COL,SP,SP,688642,31552,Razzball only
Cooper Bowman,,,688682,missing_BBRefID,,,Cooper Bowman,TB,2B,2B,688682,sa3016966,Razzball only
Peyton Pallette,CLE,pallepe01,688883,Pitching Unique normalized name,,,Peyton Pallette,CHW,RP,RP,688883,31865,Razzball only
Landon Knack,,,689017,missing_BBRefID,,,Landon Knack,LAD,RP,RP,689017,27487,Razzball only
Chad Dallas,TOR,dallach01,689149,Pitching Unique normalized name,,,Chad Dallas,TOR,RP,RP,689149,30158,Razzball only
Brett Wisely,,,689172,missing_BBRefID,,,Brett Wisely,ATL,2B,2B,689172,27735,Razzball only
Jacob Melton,,,689200,missing_BBRefID,,,Jacob Melton,TB,OF,OF,689200,31661,Razzball only
Beau Brieske,DET,briesbe01,689225,Pitching Unique normalized name,,,Beau Brieske,DET,RP,RP,689225,26079,Razzball only
Mason Fluharty,TOR,fluhama01,689254,Pitching Unique normalized name,,,Mason Fluharty,TOR,RP,RP,689254,31553,Razzball only
Dylan Dodd,ATL,dodddy01,689266,Pitching Unique normalized name,,,Dylan Dodd,ATL,RP,RP,689266,29928,Razzball only
Anthony Nunez,BAL,nunezan01,689296,Pitching Unique normalized name,,,Anthony Nunez,BAL,RP,RP,689296,25796,Razzball only
Coleman Crow,,,689441,missing_BBRefID,,,Coleman Crow,MIL,SP,SP,689441,27926,Razzball only
Cody Laweryson,MIN,lawerco01,689520,Pitching Unique normalized name,,,Cody Laweryson,MIN,RP,RP,689520,26429,Razzball only
Nick Davila,SEA,davilni01,689546,Pitching Unique normalized name,,,Nick Davila,SEA,RP,RP,689546,27741,Razzball only
Drew Thorpe,,,689672,missing_BBRefID,,,Drew Thorpe,CHW,SP,SP,689672,31967,Razzball only
Alek Jacob,,,689690,missing_BBRefID,,,Alek Jacob,SD,RP,RP,689690,29628,Razzball only
David Sandlin,CHW,sandlda01,689818,Pitching Unique normalized name,,,David Sandlin,CHW,SP,SP,689818,31743,Razzball only
Andrew Walters,,,689958,missing_BBRefID,,,Andrew Walters,CLE,RP,RP,689958,33834,Razzball only
River Ryan,,,689981,missing_BBRefID,,,River Ryan,DET,SP,SP,689981,29514,Razzball only
Matt Pushard,,,690155,missing_BBRefID,,,Matt Pushard,MIA,RP,RP,690155,31870,Razzball only
Michael Darrell-Hicks,,,690382,missing_BBRefID,,,Michael Darrell-Hicks,PIT,RP,RP,690382,31501,Razzball only
Bailey Horn,,,690544,missing_BBRefID,,,Bailey Horn,DET,RP,RP,690544,27753,Razzball only
Ben Joyce,LAA,joycebe01,690829,Pitching Unique normalized name,,,Ben Joyce,LAA,RP,RP,690829,31461,Razzball only
Richard Fitts,,,690916,missing_BBRefID,,,Richard Fitts,STL,RP,RP,690916,30160,Razzball only
Hunter Dobbins,STL,dobbihu01,690928,Pitching Unique normalized name,,,Hunter Dobbins,STL,SP,SP,690928,30240,Razzball only
Mick Abel,MIN,abelmi01,690953,Pitching Unique normalized name,,,Mick Abel,MIN,SP,SP,690953,27756,Razzball only
Enrique Bradfield Jr.,,,690961,missing_BBRefID,,,Enrique Bradfield Jr.,BAL,OF,OF,690961,sa3022917,Razzball only
Dax Fulton,MIA,fultoda01,690978,Pitching Unique normalized name,,,Dax Fulton,MIA,RP,RP,690978,27757,Razzball only
Kyle Harrison,MIL,harriky01,690986,Pitching Unique normalized name,,,Kyle Harrison,MIL,SP,SP,690986,27758,Razzball only
Robert Hassell III,,,690987,missing_BBRefID,,,Robert Hassell III,PIT,OF,OF,690987,27482,Razzball only
Austin Hendrick,,,690988,missing_BBRefID,,,Austin Hendrick,CIN,OF,OF,690988,sa3014521,Razzball only
Cade Horton,,,690990,missing_BBRefID,,,Cade Horton,CHC,SP,SP,690990,31872,Razzball only
Nolan McLean,NYM,mcleano01,690997,Pitching Unique normalized name,,,Nolan McLean,NYM,SP,SP,690997,33703,Razzball only
Tre’ Morgan,,,691003,missing_BBRefID,,,Tre’ Morgan,TB,1B,1B,691003,sa3022919,Razzball only
A.J. Vukovich,,,691021,missing_BBRefID,,,A.J. Vukovich,ARI,OF,OF,691021,sa3014525,Razzball only
Yosver Zulueta,,,691172,missing_BBRefID,,,Yosver Zulueta,BAL,RP,RP,691172,27765,Razzball only
Maximo Acosta,,,691185,missing_BBRefID,,,Maximo Acosta,MIA,3B,2B/SS/ 3B,691185,27963,Razzball only
Andry Lara,,,691251,missing_BBRefID,,,Andry Lara,WSH,RP,RP,691251,27967,Razzball only
Moises Chace,,,691330,missing_BBRefID,,,Moises Chace,PHI,SP,SP,691330,sa3015346,Razzball only
Luis Perales,WSN,perallu02,691384,Pitching Unique normalized name,,,Luis Perales,WSH,SP,SP,691384,28148,Razzball only
Cristian Mena,,,691441,missing_BBRefID,,,Cristian Mena,ARI,RP,RP,691441,27974,Razzball only
Eury Perez,MIA,perezeu02,691587,Pitching Unique normalized name,,,Eury Perez,MIA,SP,SP,691587,27768,Razzball only
Jared Kelley,,,691721,missing_BBRefID,,,Jared Kelley,CHW,RP,RP,691721,sa3014471,Razzball only
Andrew Painter,PHI,paintan01,691725,Pitching Unique normalized name,,,Andrew Painter,PHI,SP,SP,691725,30091,Razzball only
Philip Abner,,,691769,missing_BBRefID,,,Philip Abner,NYM,RP,RP,691769,33821,Razzball only
Ryan Clifford,,,691775,missing_BBRefID,,,Ryan Clifford,NYM,1B,1B,691775,sa3020126,Razzball only
Grant Taylor,CHW,taylogr02,691799,Pitching Unique normalized name,,,Grant Taylor,CHW,RP,RP,691799,33927,Razzball only
Sem Robberse,,,691828,missing_BBRefID,,,Sem Robberse,STL,RP,RP,691828,sa3011735,Razzball only
Jean Cabrera,,,691893,missing_BBRefID,,,Jean Cabrera,PHI,SP,SP,691893,sa3015433,Razzball only
Jesus Castillo,,,691913,missing_BBRefID,,,Jesus Castillo,PIT,SS,SS,691913,sa3015587,Razzball only
Carter Baumler,,,691945,missing_BBRefID,,,Carter Baumler,TEX,RP,RP,691945,30231,Razzball only
George Klassen,LAA,klassge01,691946,Pitching Unique normalized name,,,George Klassen,LAA,SP,SP,691946,33464,Razzball only
Sam Aldegheri,LAA,aldegsa01,691951,Pitching Unique normalized name,,,Sam Aldegheri,LAA,SP,SP,691951,26443,Razzball only
Jose Corniell,,,692030,missing_BBRefID,,,Jose Corniell,TEX,RP,RP,692030,27984,Razzball only
Kristian Campbell,,,692225,missing_BBRefID,,,Kristian Campbell,BOS,2B,2B/OF,692225,33644,Razzball only
Carlos Rodriguez,,,692230,missing_BBRefID,,,Carlos Rodriguez,MIL,RP,RP,692230,30161,Razzball only
Luis Guerrero,,,692285,missing_BBRefID,,,Luis Guerrero,TB,RP,RP,692285,31184,Razzball only
Yoniel Curet,,,692414,missing_BBRefID,,,Yoniel Curet,DET,SP,SP,692414,sa3015446,Razzball only
Winston Santos,,,692437,missing_BBRefID,,,Winston Santos,TEX,SP,SP,692437,28489,Razzball only
Yanquiel Fernandez,,,692585,missing_BBRefID,,,Yanquiel Fernandez,NYY,OF,OF,692585,28552,Razzball only
Tink Hence,,,693311,missing_BBRefID,,,Tink Hence,STL,SP,SP,693311,sa3014709,Razzball only
Kyle Nicolas,,,693312,missing_BBRefID,,,Kyle Nicolas,WSH,RP,RP,693312,27775,Razzball only
Carson Seymour,SFG,seymoca01,693313,Pitching Unique normalized name,,,Carson Seymour,SF,RP,RP,693313,30084,Razzball only
Bryan Woo,SEA,woobr01,693433,Pitching Unique normalized name,,,Bryan Woo,SEA,SP,SP,693433,30279,Razzball only
Taylor Dollard,,,693440,missing_BBRefID,,,Taylor Dollard,SEA,SP,SP,693440,sa3014982,Razzball only
Cam Schlittler,NYY,schlica01,693645,Pitching Unique normalized name,,,Cam Schlittler,NYY,SP,SP,693645,32095,Razzball only
Spencer Miles,TOR,milessp01,693686,Pitching Unique normalized name,,,Spencer Miles,TOR,RP,RP,693686,31621,Razzball only
Emiliano Teodo,,,693713,missing_BBRefID,,,Emiliano Teodo,TEX,RP,RP,693713,27999,Razzball only
Alexander Alberto,,,693739,missing_BBRefID,,,Alexander Alberto,TB,RP,RP,693739,sa3015986,Razzball only
Bryce Elder,ATL,elderbr01,693821,Pitching Unique normalized name,,,Bryce Elder,ATL,SP,SP,693821,27779,Razzball only
Ian Seymour,TBR,seymoia01,693855,Pitching Unique normalized name,,,Ian Seymour,TB,SP,SP,693855,27932,Razzball only
Pedro Leon,,,694175,missing_BBRefID,,,Pedro Leon,PHI,OF,OF,694175,27781,Razzball only
Brandon Pfaadt,ARI,pfaadbr01,694297,Pitching Unique normalized name,,,Brandon Pfaadt,ARI,SP,SP,694297,27782,Razzball only
Matt Svanson,STL,svansma01,694335,Pitching Unique normalized name,,,Matt Svanson,STL,RP,RP,694335,29629,Razzball only
Trey Gibson,BAL,gibsotr01,694346,Pitching Unique normalized name,,,Trey Gibson,BAL,SP,SP,694346,33794,Razzball only
Zach Brzykcy,,,694350,missing_BBRefID,,,Zach Brzykcy,MIA,RP,RP,694350,27783,Razzball only
Tyler Gentry,,,694355,missing_BBRefID,,,Tyler Gentry,DET,OF,OF,694355,27784,Razzball only
Ricky Tiedemann,,,694357,missing_BBRefID,,,Ricky Tiedemann,TOR,SP,SP,694357,30165,Razzball only
Tekoah Roby,,,694358,missing_BBRefID,,,Tekoah Roby,STL,RP,RP,694358,sa3014519,Razzball only
Niko Kavadas,,,694359,missing_BBRefID,,,Niko Kavadas,LAA,1B,1B,694359,29782,Razzball only
Will Klein,LAD,kleinwi01,694361,Pitching Unique normalized name,,,Will Klein,LAD,RP,RP,694361,27787,Razzball only
Brock Wilken,,,694385,missing_BBRefID,,,Brock Wilken,MIL,3B,3B,694385,sa3022499,Razzball only
Jaxon Wiggins,,,694393,missing_BBRefID,,,Jaxon Wiggins,CHC,SP,SP,694393,sa3023635,Razzball only
Marco Raya,,,694397,missing_BBRefID,,,Marco Raya,MIN,RP,RP,694397,30166,Razzball only
Justice Bigbie,,,694425,missing_BBRefID,,,Justice Bigbie,DET,OF,OF,694425,sa3016971,Razzball only
Hurston Waldrep,,,694462,missing_BBRefID,,,Hurston Waldrep,ATL,SP,SP,694462,33527,Razzball only
Ty Johnson,,,694494,missing_BBRefID,,,Ty Johnson,TB,SP,SP,694494,33862,Razzball only
Kemp Alderman,,,694580,missing_BBRefID,,,Kemp Alderman,MIA,OF,OF,694580,sa3022562,Razzball only
Chase Hampton,,,694633,missing_BBRefID,,,Chase Hampton,STL,SP,SP,694633,sa3020682,Razzball only
Chayce McDermott,,,694646,missing_BBRefID,,,Chayce McDermott,NYM,SP,SP,694646,29866,Razzball only
Trevor Martin,,,694680,missing_BBRefID,,,Trevor Martin,LAA,RP,RP,694680,31878,Razzball only
Landen Roupp,SFG,rouppla01,694738,Pitching Unique normalized name,,,Landen Roupp,SF,SP,SP,694738,30076,Razzball only
Gavin Stone,,,694813,missing_BBRefID,,,Gavin Stone,LAD,SP,SP,694813,27792,Razzball only
Jacob Misiorowski,MIL,misioja01,694819,Pitching Unique normalized name,,,Jacob Misiorowski,MIL,SP,SP,694819,31623,Razzball only
Andrew Hoffmann,ARI,hoffman01,694851,Pitching Unique normalized name,,,Andrew Hoffmann,PHI,RP,RP,694851,29633,Razzball only
Ryan Murphy,,,694885,missing_BBRefID,,,Ryan Murphy,STL,SP,SP,694885,sa3014871,Razzball only
Blade Tidwell,SFG,tidwebl01,694918,Pitching Unique normalized name,,,Blade Tidwell,SF,SP,SP,694918,31701,Razzball only
Paul Skenes,PIT,skenepa01,694973,Pitching Unique normalized name,,,Paul Skenes,PIT,SP,SP,694973,33677,Razzball only
Rhett Lowder,CIN,lowderh01,695076,Pitching Unique normalized name,,,Rhett Lowder,CIN,SP,SP,695076,33876,Razzball only
Mason Miller,SDP,millema03,695243,Pitching Unique normalized name,,,Mason Miller,SD,RP,RP,695243,31757,Razzball only
Alex Hoppe,BALSEA,hoppeal01,695380,Pitching Unique normalized name,,,Alex Hoppe,BAL,RP,RP,695380,31880,Razzball only
Chase Lee,,,695445,missing_BBRefID,,,Chase Lee,TOR,RP,RP,695445,29574,Razzball only
Chase Burns,CIN,burnsch01,695505,Pitching Unique normalized name,,,Chase Burns,CIN,SP,SP,695505,35333,Razzball only
Chase Petty,CIN,pettych02,695534,Pitching Unique normalized name,,,Chase Petty,CIN,RP,RP,695534,30170,Razzball only
Jackson Jobe,DET,jobeja01,695549,Pitching Unique normalized name,,,Jackson Jobe,DET,SP,SP,695549,30203,Razzball only
Gage Jump,ATH,jumpga01,695611,Pitching Unique normalized name,,,Gage Jump,ATH,SP,SP,695611,35418,Razzball only
Elmer Rodriguez,NYY,rodriel03,695684,Pitching Unique normalized name,,,Elmer Rodriguez,NYY,SP,SP,695684,31811,Razzball only
Tyson Neighbors,,,695695,missing_BBRefID,,,Tyson Neighbors,BAL,RP,RP,695695,sa3025569,Razzball only
Josh Stephan,,,695776,missing_BBRefID,,,Josh Stephan,TOR,RP,RP,695776,sa3015286,Razzball only
Kendry Rojas,MIN,rojaske01,696070,Pitching Unique normalized name,,,Kendry Rojas,MIN,SP,SP,696070,29423,Razzball only
Mason Black,KCR,blackma01,696131,Pitching Unique normalized name,,,Mason Black,KC,RP,RP,696131,30171,Razzball only
Hagen Smith,CHW,smithha10,696146,Pitching Unique normalized name,,,Hagen Smith,CHW,RP,RP,696146,35205,Razzball only
Sam Bachman,LAA,bachmsa01,696147,Pitching Unique normalized name,,,Sam Bachman,LAA,RP,RP,696147,29754,Razzball only
Bubba Chandler,PIT,chandbu01,696149,Pitching Unique normalized name,,,Bubba Chandler,PIT,SP,SP,696149,29868,Razzball only
Ryan Johnson,LAA,johnsry01,696270,Pitching Unique normalized name,,,Ryan Johnson,LAA,SP,SP,696270,35325,Razzball only
RJ Petit,,,696275,missing_BBRefID,,,RJ Petit,COL,RP,RP,696275,sa3017848,Razzball only
Ben Hess,,,696292,missing_BBRefID,,,Ben Hess,NYY,SP,SP,696292,sa3033725,Razzball only
Samy Natera Jr.,,,696519,missing_BBRefID,,,Samy Natera Jr.,LAA,RP,RP,696519,31936,Razzball only
Joe Rock,,,697812,missing_BBRefID,,,Joe Rock,ATH,RP,RP,697812,30016,Razzball only
Miguel Ullola,HOU,ullolmi01,699044,Pitching Unique normalized name,,,Miguel Ullola,HOU,RP,RP,699044,29036,Razzball only
Thayron Liranzo,,,699073,missing_BBRefID,,,Thayron Liranzo,DET,C,C,699073,sa3015790,Razzball only
Jadher Areinamo,,,699130,missing_BBRefID,,,Jadher Areinamo,TB,SS,SS,699130,sa3015802,Razzball only
Bradgley Rodriguez,SDP,rodribr01,699134,Pitching Unique normalized name,,,Bradgley Rodriguez,SD,RP,RP,699134,29107,Razzball only
Jedixson Paez,,,699151,missing_BBRefID,,,Jedixson Paez,BOS,SP,SP,699151,29114,Razzball only
David Davalillo,,,699314,missing_BBRefID,,,David Davalillo,TEX,RP,RP,699314,sa3020448,Razzball only
Tyler Davis,CHW,davisty01,699823,Pitching Unique normalized name,,,Tyler Davis,CHW,RP,RP,699823,34847,Razzball only
Troy Taylor,,,700187,missing_BBRefID,,,Troy Taylor,SEA,RP,RP,700187,31883,Razzball only
Michael McGreevy,STL,mcgremi01,700241,Pitching Unique normalized name,,,Michael McGreevy,STL,SP,SP,700241,29869,Razzball only
Trey Sweeney,,,700242,missing_BBRefID,,,Trey Sweeney,DET,SS,SS,700242,29575,Razzball only
Cade Povich,BAL,povicca01,700249,Pitching Unique normalized name,,,Cade Povich,BAL,SP,SP,700249,30055,Razzball only
Yilber Diaz,,,700270,missing_BBRefID,,,Yilber Diaz,DET,RP,RP,700270,29271,Razzball only
AJ Smith-Shawver,ATL,smithaj01,700363,Pitching Unique normalized name,,,AJ Smith-Shawver,ATL,SP,SP,700363,29960,Razzball only
Tyler Uberstine,,,700413,missing_BBRefID,,,Tyler Uberstine,ATL,RP,RP,700413,29961,Razzball only
Gordon Graceffo,STL,gracego01,700669,Pitching Unique normalized name,,,Gordon Graceffo,STL,RP,RP,700669,29519,Razzball only
Walbert Urena,LAA,urenawa01,700712,Pitching Unique normalized name,,,Walbert Urena,LAA,SP,SP,700712,29357,Razzball only
Eduardo Rivera,,,700842,missing_BBRefID,,,Eduardo Rivera,BOS,RP,RP,700842,31280,Razzball only
Logan VanWey,,,701121,missing_BBRefID,,,Logan VanWey,HOU,RP,RP,701121,31884,Razzball only
Phillip Glasser,,,701298,missing_BBRefID,,,Phillip Glasser,WSH,OF,OF,701298,sa3022680,Razzball only
Jackson Ferris,,,701328,missing_BBRefID,,,Jackson Ferris,LAD,SP,SP,701328,sa3020891,Razzball only
Jamie Arnold,,,701364,missing_BBRefID,,,Jamie Arnold,ATH,SP,SP,701364,sa3026225,Razzball only
Jurrangelo Cijntje,,,701388,missing_BBRefID,,,Jurrangelo Cijntje,STL,SP,SP,701388,sa3028930,Razzball only
Pierson Ohl,,,701487,missing_BBRefID,,,Pierson Ohl,COL,RP,RP,701487,30179,Razzball only
Travis Adams,MIN,adamstr01,701519,Pitching Unique normalized name,,,Travis Adams,MIN,RP,RP,701519,30180,Razzball only
Mike Sirota,,,701527,missing_BBRefID,,,Mike Sirota,LAD,OF,OF,701527,sa3042374,Razzball only
Will Warren,NYY,warrewi01,701542,Pitching Unique normalized name,,,Will Warren,NYY,SP,SP,701542,30182,Razzball only
Andre Granillo,,,701552,missing_BBRefID,,,Andre Granillo,DET,RP,RP,701552,29542,Razzball only
David Festa,,,701581,missing_BBRefID,,,David Festa,MIN,SP,SP,701581,30056,Razzball only
Logan Henderson,MIL,hendelo01,701656,Pitching Unique normalized name,,,Logan Henderson,MIL,SP,SP,701656,31475,Razzball only
Tyler Samaniego,BOS,samanty01,701719,Pitching Unique normalized name,,,Tyler Samaniego,BOS,RP,RP,701719,30081,Razzball only
Tanner McDougal,,,701780,missing_BBRefID,,,Tanner McDougal,CHW,SP,SP,701780,29887,Razzball only
Justin Armbruester,,,701859,missing_BBRefID,,,Justin Armbruester,NYM,RP,RP,701859,sa3017548,Razzball only
Will Dion,CLEWSN,dionwi01,702021,Pitching Unique normalized name,,,Will Dion,WSH,SP,SP,702021,30061,Razzball only
Trey Yesavage,TOR,yesavtr01,702056,Pitching Unique normalized name,,,Trey Yesavage,TOR,SP,SP,702056,35456,Razzball only
Noah Cameron,KCR,camerno01,702070,Pitching Unique normalized name,,,Noah Cameron,KC,SP,SP,702070,30184,Razzball only
Andrew Morris,MIN,morrian01,702193,Pitching Unique normalized name,,,Andrew Morris,MIN,RP,RP,702193,31891,Razzball only
Druw Jones,,,702258,missing_BBRefID,,,Druw Jones,ARI,OF,OF,702258,sa3020676,Razzball only
Termarr Johnson,,,702261,missing_BBRefID,,,Termarr Johnson,PIT,2B,2B,702261,sa3020214,Razzball only
Noah Schultz,CHW,schulno01,702273,Pitching Unique normalized name,,,Noah Schultz,CHW,SP,SP,702273,32056,Razzball only
Robby Snelling,,,702281,missing_BBRefID,,,Robby Snelling,MIA,SP,SP,702281,31893,Razzball only
RJ Schreck,,,702302,missing_BBRefID,,,RJ Schreck,TOR,OF,OF,702302,sa3022602,Razzball only
Riley Martin,,,702303,missing_BBRefID,,,Riley Martin,CHC,RP,RP,702303,29934,Razzball only
Haydn McGeary,,,702333,missing_BBRefID,,,Haydn McGeary,CHC,DH,1B,702333,sa3020133,Razzball only
Spencer Bivens,KCRSFG,bivensp01,702352,Pitching Unique normalized name,,,Spencer Bivens,KC,RP,RP,702352,30226,Razzball only
Trey Lipscomb,,,702358,missing_BBRefID,,,Trey Lipscomb,WSH,1B,1B,702358,31567,Razzball only
Jimmy Joyce,,,702460,missing_BBRefID,,,Jimmy Joyce,SEA,SP,SP,702460,sa3016914,Razzball only
Mike Paredes,MIN,paredmi01,702474,Pitching Unique normalized name,,,Mike Paredes,MIN,SP,SP,702474,30187,Razzball only
Jett Williams,,,702518,missing_BBRefID,,,Jett Williams,MIL,SS,SS,702518,sa3020134,Razzball only
Jacob Reimer,,,702544,missing_BBRefID,,,Jacob Reimer,NYM,3B,3B,702544,sa3020416,Razzball only
Caden Dana,,,702674,missing_BBRefID,,,Caden Dana,LAA,SP,SP,702674,31508,Razzball only
Nelson Rada,,,703185,missing_BBRefID,,,Nelson Rada,LAA,OF,OF,703185,sa3018421,Razzball only
Jarlin Susana,,,703186,missing_BBRefID,,,Jarlin Susana,WSH,SP,SP,703186,sa3018808,Razzball only
Henry Ramos,,,703201,missing_BBRefID,,,Henry Ramos,KC,OF,OF,703201,sa3018432,Razzball only
Karson Milbrandt,,,703596,missing_BBRefID,,,Karson Milbrandt,MIA,RP,RP,703596,sa3020659,Razzball only
Jared Thomas,,,703606,missing_BBRefID,,,Jared Thomas,COL,2B,2B,703606,sa3025252,Razzball only
Jose Cabrera,ARI,cabrejo03,703615,Pitching Unique normalized name,,,Jose Cabrera,ARI,SP,SP,703615,30412,Razzball only
Luis Gastelum,STL,gastelu01,703725,Pitching Unique normalized name,,,Luis Gastelum,STL,RP,RP,703725,33027,Razzball only
Parker Messick,CLE,messipa01,800048,Pitching Unique normalized name,,,Parker Messick,CLE,SP,SP,800048,31986,Razzball only
Adam Mazur,,,800049,missing_BBRefID,,,Adam Mazur,MIA,SP,SP,800049,31900,Razzball only
Xavier Isaac,,,800060,missing_BBRefID,,,Xavier Isaac,TB,DH,1B,800060,sa3020498,Razzball only
Josue Briceno,,,800522,missing_BBRefID,,,Josue Briceno,DET,C,C,800522,sa3018584,Razzball only
Jackson Kent,WSN,kentja01,800600,Pitching Unique normalized name,,,Jackson Kent,WSH,SP,SP,800600,35462,Razzball only
Payton Tolle,BOS,tollepa01,801139,Pitching Unique normalized name,,,Payton Tolle,BOS,SP,SP,801139,35466,Razzball only
Max Anderson,,,801194,missing_BBRefID,,,Max Anderson,DET,2B,2B,801194,sa3022567,Razzball only
Luis Frias,,,801263,missing_BBRefID,,,Luis Frias,SF,OF,OF,801263,sa3018608,Razzball only
Chase Dollander,COL,dollach01,801403,Pitching Unique normalized name,,,Chase Dollander,COL,SP,SP,801403,33482,Razzball only
Paul Gervase,,,801434,missing_BBRefID,,,Paul Gervase,LAD,RP,RP,801434,31571,Razzball only
Luis De Leon,,,801725,missing_BBRefID,,,Luis De Leon,BAL,RP,RP,801725,30944,Razzball only
Carlos Lagrange,,,801739,missing_BBRefID,,,Carlos Lagrange,NYY,SP,SP,801739,sa3019390,Razzball only
James Hicks,,,801802,missing_BBRefID,,,James Hicks,HOU,SP,SP,801802,sa3023161,Razzball only
Drue Hackenberg,,,802357,missing_BBRefID,,,Drue Hackenberg,ATL,SP,SP,802357,sa3023304,Razzball only
Brycen Mautz,STL,mautzbr01,802408,Pitching Unique normalized name,,,Brycen Mautz,STL,SP,SP,802408,31910,Razzball only
Thomas Harrington,,,802419,missing_BBRefID,,,Thomas Harrington,PIT,SP,SP,802419,31989,Razzball only
Hayden Harris,,,802686,missing_BBRefID,,,Hayden Harris,COL,RP,RP,802686,31913,Razzball only
Zac Thornton,NYM,thornza01,804267,Pitching Unique normalized name,,,Zac Thornton,NYM,SP,SP,804267,33891,Razzball only
Reid VanScoter,,,804577,missing_BBRefID,,,Reid VanScoter,SEA,RP,RP,804577,sa3020839,Razzball only
Jonah Tong,NYM,tongjo01,804636,Pitching Unique normalized name,,,Jonah Tong,NYM,SP,SP,804636,32157,Razzball only
Rafael Flores Jr.,,,804668,missing_BBRefID,,,Rafael Flores Jr.,PIT,C/1B,C/1B,804668,31991,Razzball only
Austin Peterson,,,804926,missing_BBRefID,,,Austin Peterson,CLE,RP,RP,804926,31994,Razzball only
AJ Blubaugh,HOU,blubaaj01,805123,Pitching Unique normalized name,,,AJ Blubaugh,HOU,RP,RP,805123,31764,Razzball only
Trent Harris,SFG,harritr01,805345,Pitching Unique normalized name,,,Trent Harris,SF,RP,RP,805345,33214,Razzball only
Nacho Alvarez Jr.,,,805373,missing_BBRefID,,,Nacho Alvarez Jr.,LAA,3B,3B,805373,31765,Razzball only
Drew Sommers,DET,sommedr01,805427,Pitching Unique normalized name,,,Drew Sommers,DET,RP,RP,805427,32026,Razzball only
Zebby Matthews,MIN,matthze01,805673,Pitching Unique normalized name,,,Zebby Matthews,MIN,SP,SP,805673,31827,Razzball only
Aidan Miller,,,805795,missing_BBRefID,,,Aidan Miller,PHI,SS,SS,805795,sa3022609,Razzball only
Travis Sykora,,,805809,missing_BBRefID,,,Travis Sykora,WSH,SP,SP,805809,sa3023557,Razzball only
Hayden Birdsong,,,806185,missing_BBRefID,,,Hayden Birdsong,SF,SP,SP,806185,31635,Razzball only
Ralphy Velazquez,,,806252,missing_BBRefID,,,Ralphy Velazquez,CLE,1B,1B,806252,sa3023013,Razzball only
Thomas White,,,806258,missing_BBRefID,,,Thomas White,MIA,SP,SP,806258,sa3023268,Razzball only
Alfredo Duno,,,806957,missing_BBRefID,,,Alfredo Duno,CIN,C,C,806957,sa3021066,Razzball only
Luis Morales,ATH,morallu01,806960,Pitching Unique normalized name,,,Luis Morales,ATH,SP,SP,806960,32227,Razzball only
Sebastian Walcott,,,806964,missing_BBRefID,,,Sebastian Walcott,TEX,SS,SS,806964,sa3021069,Razzball only
Kade Anderson,SEA,anderka01,807739,Pitching Unique normalized name,,,Kade Anderson,SEA,SP,SP,807739,37238,Razzball only
Sean Sullivan,COL,sullise01,807743,Pitching Unique normalized name,,,Sean Sullivan,COL,SP,SP,807743,33502,Razzball only
Roki Sasaki,LAD,sasakro01,808963,Pitching Unique normalized name,,,Roki Sasaki,LAD,SP,SP,808963,35323,Razzball only
Yoshinobu Yamamoto,LAD,yamamyo01,808967,Pitching Unique normalized name,,,Yoshinobu Yamamoto,LAD,SP,SP,808967,33825,Razzball only
Charlie Condon,,,809707,missing_BBRefID,,,Charlie Condon,COL,1B,1B,809707,sa3025257,Razzball only
Jack Wenninger,,,811307,missing_BBRefID,,,Jack Wenninger,NYM,SP,SP,811307,sa3023282,Razzball only
Brody Hopkins,,,811315,missing_BBRefID,,,Brody Hopkins,TB,RP,RP,811315,33903,Razzball only
Connelly Early,BOS,earlyco01,813349,Pitching Unique normalized name,,,Connelly Early,WSH,SP,SP,813349,33666,Razzball only
Jake Bloss,,,814005,missing_BBRefID,,,Jake Bloss,TOR,RP,RP,814005,33168,Razzball only
Lucas Braun,,,814351,missing_BBRefID,,,Lucas Braun,KC,SP,SP,814351,sa3022996,Razzball only
Seaver King,,,814409,missing_BBRefID,,,Seaver King,WSH,SS,SS,814409,sa3025414,Razzball only
Ethan Pecko,HOU,peckoet01,814490,Pitching Unique normalized name,,,Ethan Pecko,HOU,SP,SP,814490,33515,Razzball only
Mitch Farris,LAA,farrimi01,815083,Pitching Unique normalized name,,,Mitch Farris,LAA,RP,RP,815083,33628,Razzball only
Nestor German,,,815148,missing_BBRefID,,,Nestor German,BAL,SP,SP,815148,sa3023517,Razzball only
Ryan Sloan,,,815549,missing_BBRefID,,,Ryan Sloan,SEA,SP,SP,815549,sa3067131,Razzball only
Ryan Lobus,,,815590,missing_BBRefID,,,Ryan Lobus,TEX,RP,RP,815590,sa3022744,Razzball only
Leo De Vries,,,815888,missing_BBRefID,,,Leo De Vries,ATH,SS,SS,815888,sa3023363,Razzball only
Jesus Made,,,815908,missing_BBRefID,,,Jesus Made,MIL,SS,SS,815908,sa3024108,Razzball only
Jose Fermin,LAA,fermijo02,820862,Pitching Name and team disambiguated,,,Jose Fermin,LAA,RP,RP,820862,33908,Razzball only
Ryan Lambert,,,822038,missing_BBRefID,,,Ryan Lambert,NYM,RP,RP,822038,sa3025613,Razzball only
Payton Eeles,,,823356,missing_BBRefID,,,Payton Eeles,BAL,SS,SS,823356,sa3023622,Razzball only
Tatsuya Imai,HOU,imaita01,837227,Pitching Unique normalized name,,,Tatsuya Imai,HOU,SP,SP,837227,37124,Razzball only
